userId,courseId,percentage_completed,certificate
1,2,100.0,pretty.pdf
1,6,100.0,next.pdf
1,10,100.0,crime.pdf
1,14,100.0,image.pdf
1,15,100.0,nearly.pdf
1,19,100.0,even.pdf
1,27,100.0,charge.pdf
1,30,100.0,voice.pdf
2,1,100.0,same.pdf
2,1,100.0,group.pdf
2,1,100.0,reveal.pdf
2,5,100.0,pass.pdf
2,9,100.0,imagine.pdf
2,12,100.0,article.pdf
2,13,100.0,cultural.pdf
2,18,100.0,happen.pdf
2,29,100.0,land.pdf
3,1,100.0,now.pdf
3,5,100.0,public.pdf
3,8,100.0,training.pdf
3,9,100.0,choice.pdf
3,12,100.0,outside.pdf
3,17,100.0,act.pdf
3,20,100.0,remain.pdf
3,20,100.0,support.pdf
3,22,100.0,light.pdf
3,24,100.0,time.pdf
3,25,100.0,because.pdf
3,26,100.0,subject.pdf
4,6,100.0,gas.pdf
4,9,100.0,later.pdf
4,12,100.0,physical.pdf
4,21,100.0,suggest.pdf
4,28,100.0,need.pdf
5,4,100.0,senior.pdf
5,5,100.0,anything.pdf
5,9,100.0,eye.pdf
5,9,100.0,inside.pdf
5,12,100.0,no.pdf
5,12,100.0,imagine.pdf
5,17,100.0,call.pdf
5,23,100.0,suddenly.pdf
5,25,100.0,respond.pdf
5,26,100.0,particular.pdf
5,29,100.0,else.pdf
6,1,100.0,we.pdf
6,11,100.0,bed.pdf
6,12,100.0,network.pdf
6,13,100.0,ball.pdf
7,1,100.0,hard.pdf
7,1,100.0,life.pdf
7,13,100.0,air.pdf
7,16,100.0,visit.pdf
7,17,100.0,any.pdf
7,21,100.0,your.pdf
7,23,100.0,seat.pdf
8,2,100.0,upon.pdf
8,9,100.0,never.pdf
8,9,100.0,bill.pdf
8,12,100.0,some.pdf
8,15,100.0,page.pdf
8,20,100.0,body.pdf
8,20,100.0,again.pdf
8,24,100.0,network.pdf
8,25,100.0,answer.pdf
9,1,100.0,Democrat.pdf
9,1,100.0,determine.pdf
9,3,100.0,campaign.pdf
9,5,100.0,human.pdf
9,9,100.0,purpose.pdf
9,12,100.0,school.pdf
9,12,100.0,answer.pdf
9,15,100.0,budget.pdf
9,20,100.0,sign.pdf
9,24,100.0,never.pdf
9,27,100.0,yet.pdf
10,2,100.0,student.pdf
10,2,100.0,management.pdf
10,16,100.0,office.pdf
10,16,100.0,wall.pdf
11,18,100.0,possible.pdf
11,18,100.0,two.pdf
11,24,100.0,community.pdf
11,30,100.0,son.pdf
11,30,100.0,scene.pdf
12,8,100.0,public.pdf
12,11,100.0,really.pdf
12,20,100.0,turn.pdf
12,28,100.0,certainly.pdf
13,1,100.0,next.pdf
13,8,100.0,authority.pdf
13,9,100.0,drug.pdf
13,12,100.0,another.pdf
13,13,100.0,investment.pdf
13,14,100.0,man.pdf
13,16,100.0,particular.pdf
13,18,100.0,whom.pdf
13,24,100.0,bag.pdf
13,25,100.0,hit.pdf
14,7,100.0,their.pdf
14,7,100.0,happy.pdf
14,9,100.0,every.pdf
14,9,100.0,lot.pdf
14,10,100.0,young.pdf
14,15,100.0,pattern.pdf
14,19,100.0,lay.pdf
14,23,100.0,dinner.pdf
14,25,100.0,lot.pdf
14,28,100.0,on.pdf
15,5,100.0,half.pdf
15,10,100.0,art.pdf
15,17,100.0,time.pdf
15,22,100.0,when.pdf
15,24,100.0,much.pdf
15,26,100.0,source.pdf
15,28,100.0,need.pdf
16,1,100.0,point.pdf
16,1,100.0,federal.pdf
16,2,100.0,become.pdf
16,14,100.0,news.pdf
16,15,100.0,Democrat.pdf
16,16,100.0,example.pdf
16,18,100.0,themselves.pdf
16,27,100.0,amount.pdf
16,28,100.0,job.pdf
16,30,100.0,too.pdf
17,2,100.0,establish.pdf
17,3,100.0,word.pdf
17,5,100.0,page.pdf
17,5,100.0,box.pdf
17,5,100.0,improve.pdf
17,9,100.0,rock.pdf
17,14,100.0,drug.pdf
17,26,100.0,herself.pdf
18,1,100.0,red.pdf
18,5,100.0,agency.pdf
18,12,100.0,per.pdf
18,17,100.0,believe.pdf
18,18,100.0,American.pdf
18,26,100.0,sport.pdf
19,1,100.0,article.pdf
19,1,100.0,many.pdf
19,2,100.0,from.pdf
19,3,100.0,fund.pdf
19,8,100.0,director.pdf
19,9,100.0,quite.pdf
19,10,100.0,father.pdf
19,12,100.0,per.pdf
19,13,100.0,certain.pdf
19,14,100.0,article.pdf
19,15,100.0,but.pdf
19,17,100.0,fine.pdf
19,19,100.0,artist.pdf
19,25,100.0,there.pdf
19,26,100.0,energy.pdf
20,8,100.0,structure.pdf
20,9,100.0,defense.pdf
20,11,100.0,inside.pdf
20,20,100.0,company.pdf
20,20,100.0,check.pdf
21,7,100.0,language.pdf
21,9,100.0,other.pdf
21,9,100.0,arrive.pdf
21,11,100.0,outside.pdf
21,11,100.0,office.pdf
21,16,100.0,send.pdf
21,19,100.0,personal.pdf
21,20,100.0,recently.pdf
21,21,100.0,million.pdf
22,1,100.0,building.pdf
22,2,100.0,doctor.pdf
22,3,100.0,agent.pdf
22,7,100.0,air.pdf
22,13,100.0,throw.pdf
22,16,100.0,baby.pdf
22,18,100.0,decade.pdf
22,26,100.0,lawyer.pdf
22,28,100.0,necessary.pdf
23,3,100.0,TV.pdf
23,9,100.0,interesting.pdf
23,11,100.0,gun.pdf
23,17,100.0,their.pdf
23,17,100.0,attention.pdf
23,19,100.0,who.pdf
23,28,100.0,onto.pdf
24,3,100.0,senior.pdf
24,3,100.0,agent.pdf
24,7,100.0,then.pdf
24,9,100.0,hot.pdf
24,12,100.0,authority.pdf
24,13,100.0,really.pdf
24,18,100.0,husband.pdf
24,21,100.0,simple.pdf
25,7,100.0,suffer.pdf
25,11,100.0,recently.pdf
25,13,100.0,else.pdf
25,18,100.0,water.pdf
25,19,100.0,if.pdf
25,21,100.0,concern.pdf
25,25,100.0,avoid.pdf
25,28,100.0,far.pdf
26,2,100.0,respond.pdf
26,3,100.0,situation.pdf
26,9,100.0,feeling.pdf
26,13,100.0,letter.pdf
26,14,100.0,remain.pdf
26,15,100.0,like.pdf
26,16,100.0,eat.pdf
26,17,100.0,matter.pdf
26,22,100.0,hour.pdf
26,24,100.0,national.pdf
27,5,100.0,occur.pdf
27,8,100.0,window.pdf
27,9,100.0,expert.pdf
27,9,100.0,reality.pdf
27,13,100.0,car.pdf
27,17,100.0,test.pdf
27,22,100.0,just.pdf
27,23,100.0,toward.pdf
27,24,100.0,quality.pdf
27,28,100.0,movie.pdf
27,28,100.0,fast.pdf
28,1,100.0,child.pdf
28,8,100.0,region.pdf
28,9,100.0,draw.pdf
28,16,100.0,light.pdf
28,16,100.0,require.pdf
28,19,100.0,woman.pdf
28,22,100.0,local.pdf
28,23,100.0,whole.pdf
29,11,100.0,tonight.pdf
29,12,100.0,individual.pdf
29,12,100.0,suggest.pdf
29,14,100.0,start.pdf
29,16,100.0,scene.pdf
29,16,100.0,call.pdf
29,18,100.0,suffer.pdf
29,28,100.0,could.pdf
30,1,100.0,some.pdf
30,7,100.0,try.pdf
30,12,100.0,if.pdf
30,15,100.0,particular.pdf
30,19,100.0,glass.pdf
30,24,100.0,pass.pdf
30,28,100.0,main.pdf
31,9,100.0,goal.pdf
31,19,100.0,a.pdf
31,21,100.0,well.pdf
31,23,100.0,lawyer.pdf
31,28,100.0,able.pdf
31,28,100.0,thousand.pdf
31,29,100.0,wide.pdf
32,10,100.0,wrong.pdf
32,12,100.0,stage.pdf
32,24,100.0,thousand.pdf
32,27,100.0,character.pdf
33,1,100.0,call.pdf
33,1,100.0,floor.pdf
33,5,100.0,remember.pdf
33,9,100.0,ability.pdf
33,10,100.0,modern.pdf
33,24,100.0,end.pdf
33,26,100.0,nearly.pdf
33,28,100.0,pull.pdf
33,29,100.0,care.pdf
34,1,100.0,perform.pdf
34,1,100.0,build.pdf
34,5,100.0,drop.pdf
34,13,100.0,coach.pdf
34,13,100.0,wife.pdf
34,15,100.0,system.pdf
34,19,100.0,choose.pdf
34,22,100.0,each.pdf
34,22,100.0,quality.pdf
34,24,100.0,low.pdf
34,24,100.0,would.pdf
34,24,100.0,reveal.pdf
34,28,100.0,really.pdf
35,2,100.0,sign.pdf
35,3,100.0,wide.pdf
35,3,100.0,deep.pdf
35,3,100.0,the.pdf
35,3,100.0,laugh.pdf
35,7,100.0,west.pdf
35,9,100.0,necessary.pdf
35,16,100.0,entire.pdf
35,16,100.0,toward.pdf
35,17,100.0,phone.pdf
35,24,100.0,both.pdf
35,27,100.0,social.pdf
36,17,100.0,treat.pdf
36,18,100.0,choose.pdf
36,20,100.0,compare.pdf
36,24,100.0,knowledge.pdf
37,8,100.0,run.pdf
37,9,100.0,town.pdf
37,9,100.0,government.pdf
37,10,100.0,right.pdf
37,12,100.0,pay.pdf
37,13,100.0,could.pdf
37,14,100.0,give.pdf
37,16,100.0,tough.pdf
37,18,100.0,return.pdf
37,21,100.0,mother.pdf
38,1,100.0,return.pdf
38,3,100.0,city.pdf
38,3,100.0,price.pdf
38,5,100.0,vote.pdf
38,7,100.0,building.pdf
38,8,100.0,toward.pdf
38,16,100.0,open.pdf
38,16,100.0,game.pdf
38,19,100.0,group.pdf
38,20,100.0,step.pdf
38,22,100.0,animal.pdf
38,22,100.0,sit.pdf
38,23,100.0,example.pdf
38,24,100.0,very.pdf
38,29,100.0,day.pdf
39,3,100.0,nation.pdf
39,5,100.0,role.pdf
39,13,100.0,bad.pdf
39,20,100.0,over.pdf
39,23,100.0,next.pdf
39,23,100.0,former.pdf
39,30,100.0,international.pdf
40,1,100.0,cost.pdf
40,1,100.0,under.pdf
40,4,100.0,fly.pdf
40,4,100.0,sing.pdf
40,9,100.0,husband.pdf
40,12,100.0,husband.pdf
40,13,100.0,civil.pdf
40,20,100.0,firm.pdf
40,20,100.0,year.pdf
40,24,100.0,property.pdf
40,25,100.0,mind.pdf
40,27,100.0,sense.pdf
41,1,100.0,receive.pdf
41,1,100.0,government.pdf
41,4,100.0,fire.pdf
41,6,100.0,law.pdf
41,7,100.0,Mrs.pdf
41,11,100.0,order.pdf
41,13,100.0,trouble.pdf
41,15,100.0,rise.pdf
41,17,100.0,sign.pdf
41,22,100.0,every.pdf
41,24,100.0,enjoy.pdf
41,27,100.0,suffer.pdf
41,28,100.0,position.pdf
41,28,100.0,interest.pdf
42,8,100.0,industry.pdf
42,10,100.0,west.pdf
42,18,100.0,back.pdf
42,22,100.0,rich.pdf
42,25,100.0,pressure.pdf
42,29,100.0,little.pdf
43,1,100.0,adult.pdf
43,1,100.0,may.pdf
43,5,100.0,floor.pdf
43,9,100.0,rest.pdf
43,10,100.0,project.pdf
43,12,100.0,involve.pdf
43,16,100.0,under.pdf
43,19,100.0,same.pdf
43,22,100.0,reflect.pdf
43,23,100.0,certainly.pdf
43,25,100.0,strong.pdf
43,28,100.0,exactly.pdf
44,3,100.0,number.pdf
44,4,100.0,enter.pdf
44,5,100.0,four.pdf
44,6,100.0,notice.pdf
44,15,100.0,board.pdf
44,17,100.0,tough.pdf
44,22,100.0,us.pdf
44,25,100.0,learn.pdf
45,2,100.0,score.pdf
45,3,100.0,happy.pdf
45,9,100.0,hope.pdf
45,11,100.0,inside.pdf
45,12,100.0,step.pdf
45,21,100.0,past.pdf
45,22,100.0,everybody.pdf
45,28,100.0,reduce.pdf
45,28,100.0,environment.pdf
46,1,100.0,fund.pdf
46,2,100.0,suddenly.pdf
46,10,100.0,business.pdf
46,17,100.0,rest.pdf
46,18,100.0,along.pdf
46,24,100.0,year.pdf
46,25,100.0,end.pdf
46,27,100.0,various.pdf
46,28,100.0,board.pdf
47,3,100.0,large.pdf
47,9,100.0,property.pdf
47,10,100.0,kid.pdf
47,16,100.0,strategy.pdf
47,24,100.0,hit.pdf
47,24,100.0,despite.pdf
47,30,100.0,pull.pdf
48,2,100.0,technology.pdf
48,3,100.0,film.pdf
48,4,100.0,item.pdf
48,5,100.0,his.pdf
48,8,100.0,poor.pdf
48,9,100.0,mean.pdf
48,9,100.0,current.pdf
48,12,100.0,seven.pdf
48,13,100.0,best.pdf
48,14,100.0,voice.pdf
48,16,100.0,beat.pdf
49,5,100.0,positive.pdf
49,16,100.0,wide.pdf
49,16,100.0,hair.pdf
49,16,100.0,voice.pdf
49,19,100.0,paper.pdf
50,1,100.0,other.pdf
50,3,100.0,know.pdf
50,5,100.0,wear.pdf
50,10,100.0,instead.pdf
50,12,100.0,both.pdf
50,13,100.0,style.pdf
50,15,100.0,over.pdf
50,18,100.0,energy.pdf
50,23,100.0,religious.pdf
50,24,100.0,possible.pdf
50,29,100.0,miss.pdf
51,9,100.0,mission.pdf
51,15,100.0,factor.pdf
51,17,100.0,five.pdf
51,25,100.0,art.pdf
51,28,100.0,evidence.pdf
51,29,100.0,company.pdf
52,5,100.0,get.pdf
52,8,100.0,suddenly.pdf
52,9,100.0,lot.pdf
52,13,100.0,strong.pdf
52,16,100.0,beyond.pdf
52,20,100.0,vote.pdf
52,24,100.0,find.pdf
53,1,100.0,series.pdf
53,5,100.0,increase.pdf
53,8,100.0,realize.pdf
53,12,100.0,ago.pdf
53,16,100.0,sister.pdf
53,16,100.0,travel.pdf
53,23,100.0,traditional.pdf
54,1,100.0,sea.pdf
54,5,100.0,role.pdf
54,5,100.0,cell.pdf
54,6,100.0,color.pdf
54,9,100.0,themselves.pdf
54,9,100.0,kitchen.pdf
54,9,100.0,leg.pdf
54,11,100.0,personal.pdf
54,13,100.0,race.pdf
54,13,100.0,girl.pdf
54,16,100.0,build.pdf
54,17,100.0,ten.pdf
54,24,100.0,language.pdf
54,28,100.0,laugh.pdf
55,3,100.0,want.pdf
55,5,100.0,mission.pdf
55,7,100.0,nor.pdf
55,8,100.0,stay.pdf
55,9,100.0,ago.pdf
55,18,100.0,capital.pdf
55,20,100.0,deep.pdf
55,20,100.0,per.pdf
55,23,100.0,bit.pdf
55,24,100.0,everyone.pdf
55,25,100.0,responsibility.pdf
55,28,100.0,term.pdf
55,29,100.0,cell.pdf
56,1,100.0,apply.pdf
56,1,100.0,very.pdf
56,1,100.0,bit.pdf
56,4,100.0,hotel.pdf
56,5,100.0,interesting.pdf
56,5,100.0,necessary.pdf
56,15,100.0,notice.pdf
56,16,100.0,dark.pdf
56,18,100.0,more.pdf
56,23,100.0,she.pdf
57,5,100.0,foreign.pdf
57,6,100.0,now.pdf
57,12,100.0,money.pdf
57,13,100.0,plant.pdf
57,17,100.0,model.pdf
57,23,100.0,data.pdf
57,27,100.0,question.pdf
57,28,100.0,player.pdf
58,4,100.0,hit.pdf
58,5,100.0,able.pdf
58,10,100.0,system.pdf
58,11,100.0,road.pdf
58,12,100.0,any.pdf
58,13,100.0,moment.pdf
58,15,100.0,only.pdf
58,26,100.0,instead.pdf
58,30,100.0,knowledge.pdf
59,1,100.0,music.pdf
59,14,100.0,discuss.pdf
59,15,100.0,right.pdf
59,21,100.0,thousand.pdf
59,24,100.0,effort.pdf
60,9,100.0,bank.pdf
60,11,100.0,scene.pdf
60,11,100.0,history.pdf
60,16,100.0,keep.pdf
60,23,100.0,clearly.pdf
60,24,100.0,rise.pdf
60,28,100.0,cut.pdf
61,2,100.0,see.pdf
61,4,100.0,feel.pdf
61,6,100.0,wonder.pdf
61,11,100.0,paper.pdf
61,15,100.0,training.pdf
61,16,100.0,look.pdf
61,19,100.0,accept.pdf
61,22,100.0,drug.pdf
61,24,100.0,station.pdf
61,28,100.0,market.pdf
61,28,100.0,long.pdf
61,28,100.0,executive.pdf
62,1,100.0,mind.pdf
62,5,100.0,friend.pdf
62,6,100.0,girl.pdf
62,17,100.0,lawyer.pdf
62,18,100.0,improve.pdf
62,21,100.0,anyone.pdf
62,23,100.0,some.pdf
62,25,100.0,receive.pdf
63,1,100.0,newspaper.pdf
63,3,100.0,for.pdf
63,7,100.0,keep.pdf
63,15,100.0,always.pdf
63,17,100.0,shoulder.pdf
63,19,100.0,power.pdf
63,23,100.0,security.pdf
63,24,100.0,guess.pdf
63,25,100.0,morning.pdf
64,6,100.0,particularly.pdf
64,7,100.0,sound.pdf
64,8,100.0,environment.pdf
64,10,100.0,open.pdf
64,21,100.0,effort.pdf
64,21,100.0,clear.pdf
64,22,100.0,over.pdf
64,27,100.0,spend.pdf
65,2,100.0,far.pdf
65,3,100.0,win.pdf
65,16,100.0,majority.pdf
65,17,100.0,from.pdf
65,19,100.0,serious.pdf
65,20,100.0,mean.pdf
65,23,100.0,community.pdf
65,28,100.0,development.pdf
65,28,100.0,draw.pdf
66,1,100.0,memory.pdf
66,5,100.0,common.pdf
66,20,100.0,management.pdf
66,23,100.0,whether.pdf
66,30,100.0,budget.pdf
67,1,100.0,such.pdf
67,4,100.0,air.pdf
67,9,100.0,community.pdf
67,10,100.0,mission.pdf
67,14,100.0,much.pdf
67,16,100.0,natural.pdf
67,16,100.0,thing.pdf
67,19,100.0,stage.pdf
67,23,100.0,development.pdf
67,24,100.0,eat.pdf
67,27,100.0,forward.pdf
67,28,100.0,everyone.pdf
67,28,100.0,financial.pdf
67,28,100.0,perhaps.pdf
67,30,100.0,run.pdf
68,1,100.0,perhaps.pdf
68,1,100.0,ball.pdf
68,2,100.0,also.pdf
68,4,100.0,seem.pdf
68,5,100.0,heart.pdf
68,12,100.0,including.pdf
68,12,100.0,skin.pdf
68,16,100.0,car.pdf
69,1,100.0,mission.pdf
69,9,100.0,after.pdf
69,9,100.0,smile.pdf
69,9,100.0,movement.pdf
69,12,100.0,no.pdf
69,19,100.0,relationship.pdf
69,19,100.0,bar.pdf
69,22,100.0,name.pdf
69,27,100.0,alone.pdf
69,27,100.0,free.pdf
70,1,100.0,week.pdf
70,3,100.0,mission.pdf
70,5,100.0,doctor.pdf
70,9,100.0,power.pdf
70,12,100.0,any.pdf
70,12,100.0,exist.pdf
70,14,100.0,will.pdf
70,23,100.0,sense.pdf
70,25,100.0,lead.pdf
71,5,100.0,require.pdf
71,16,100.0,tough.pdf
72,9,100.0,moment.pdf
72,12,100.0,property.pdf
72,12,100.0,many.pdf
72,15,100.0,night.pdf
72,17,100.0,into.pdf
72,24,100.0,direction.pdf
72,24,100.0,choice.pdf
73,2,100.0,Mrs.pdf
73,2,100.0,article.pdf
73,4,100.0,brother.pdf
73,4,100.0,level.pdf
73,5,100.0,executive.pdf
73,8,100.0,moment.pdf
73,9,100.0,idea.pdf
73,13,100.0,stop.pdf
73,15,100.0,along.pdf
73,16,100.0,they.pdf
73,20,100.0,focus.pdf
73,24,100.0,administration.pdf
73,25,100.0,thousand.pdf
73,28,100.0,as.pdf
74,4,100.0,career.pdf
74,5,100.0,large.pdf
74,8,100.0,music.pdf
74,10,100.0,item.pdf
74,10,100.0,gun.pdf
74,12,100.0,get.pdf
74,13,100.0,responsibility.pdf
74,15,100.0,natural.pdf
74,16,100.0,crime.pdf
74,16,100.0,price.pdf
74,17,100.0,sense.pdf
74,17,100.0,cold.pdf
74,19,100.0,blood.pdf
74,24,100.0,site.pdf
75,1,100.0,right.pdf
75,2,100.0,after.pdf
75,4,100.0,south.pdf
75,6,100.0,hand.pdf
75,7,100.0,trip.pdf
75,9,100.0,federal.pdf
75,12,100.0,improve.pdf
75,13,100.0,bill.pdf
75,17,100.0,what.pdf
75,23,100.0,as.pdf
75,24,100.0,prevent.pdf
75,25,100.0,PM.pdf
75,26,100.0,something.pdf
76,1,100.0,bill.pdf
76,9,100.0,prevent.pdf
76,9,100.0,very.pdf
76,12,100.0,baby.pdf
76,12,100.0,rather.pdf
76,16,100.0,region.pdf
76,20,100.0,effect.pdf
76,28,100.0,goal.pdf
76,30,100.0,raise.pdf
77,1,100.0,personal.pdf
77,4,100.0,eye.pdf
77,10,100.0,another.pdf
77,15,100.0,single.pdf
77,17,100.0,set.pdf
77,17,100.0,activity.pdf
77,24,100.0,seat.pdf
77,24,100.0,music.pdf
77,24,100.0,source.pdf
77,28,100.0,heart.pdf
78,1,100.0,break.pdf
78,4,100.0,through.pdf
78,10,100.0,music.pdf
78,12,100.0,no.pdf
78,13,100.0,final.pdf
78,15,100.0,true.pdf
78,16,100.0,especially.pdf
78,19,100.0,break.pdf
78,25,100.0,eye.pdf
79,1,100.0,happy.pdf
79,1,100.0,include.pdf
79,5,100.0,writer.pdf
79,9,100.0,up.pdf
79,9,100.0,collection.pdf
79,10,100.0,story.pdf
79,15,100.0,yard.pdf
79,15,100.0,forget.pdf
79,17,100.0,policy.pdf
79,20,100.0,economy.pdf
79,26,100.0,few.pdf
79,28,100.0,change.pdf
79,30,100.0,skin.pdf
80,1,100.0,significant.pdf
80,4,100.0,mind.pdf
80,4,100.0,movement.pdf
80,10,100.0,challenge.pdf
80,13,100.0,son.pdf
80,15,100.0,trade.pdf
80,28,100.0,camera.pdf
81,2,100.0,little.pdf
81,8,100.0,ago.pdf
81,8,100.0,best.pdf
81,9,100.0,them.pdf
81,10,100.0,hear.pdf
81,15,100.0,Congress.pdf
81,16,100.0,happy.pdf
81,20,100.0,actually.pdf
81,23,100.0,great.pdf
82,2,100.0,evening.pdf
82,2,100.0,six.pdf
82,2,100.0,wait.pdf
82,2,100.0,enough.pdf
82,3,100.0,beyond.pdf
82,9,100.0,citizen.pdf
82,10,100.0,eight.pdf
82,12,100.0,heart.pdf
82,13,100.0,million.pdf
82,18,100.0,himself.pdf
82,18,100.0,property.pdf
82,23,100.0,design.pdf
83,2,100.0,floor.pdf
83,5,100.0,professor.pdf
83,6,100.0,shake.pdf
83,9,100.0,office.pdf
83,16,100.0,member.pdf
83,23,100.0,cell.pdf
83,24,100.0,subject.pdf
83,25,100.0,space.pdf
84,1,100.0,laugh.pdf
84,9,100.0,radio.pdf
84,10,100.0,program.pdf
84,12,100.0,never.pdf
84,16,100.0,what.pdf
85,1,100.0,real.pdf
85,6,100.0,debate.pdf
85,9,100.0,send.pdf
85,14,100.0,respond.pdf
85,15,100.0,teach.pdf
85,16,100.0,find.pdf
85,18,100.0,represent.pdf
85,18,100.0,three.pdf
85,26,100.0,decision.pdf
85,28,100.0,hold.pdf
86,3,100.0,admit.pdf
86,9,100.0,population.pdf
86,16,100.0,become.pdf
86,17,100.0,money.pdf
86,21,100.0,form.pdf
86,26,100.0,agree.pdf
86,27,100.0,gun.pdf
86,27,100.0,beautiful.pdf
86,30,100.0,hand.pdf
87,5,100.0,pressure.pdf
87,12,100.0,fish.pdf
87,12,100.0,base.pdf
87,19,100.0,risk.pdf
87,23,100.0,material.pdf
87,29,100.0,father.pdf
88,4,100.0,agree.pdf
88,13,100.0,sell.pdf
88,17,100.0,quickly.pdf
88,19,100.0,group.pdf
88,19,100.0,today.pdf
88,21,100.0,become.pdf
88,22,100.0,option.pdf
88,23,100.0,site.pdf
88,24,100.0,today.pdf
89,16,100.0,anything.pdf
89,20,100.0,contain.pdf
89,22,100.0,may.pdf
89,23,100.0,story.pdf
89,23,100.0,later.pdf
89,24,100.0,doctor.pdf
89,29,100.0,half.pdf
89,29,100.0,skin.pdf
90,1,100.0,magazine.pdf
90,1,100.0,lose.pdf
90,2,100.0,role.pdf
90,3,100.0,word.pdf
90,3,100.0,story.pdf
90,6,100.0,tough.pdf
90,8,100.0,page.pdf
90,9,100.0,know.pdf
90,11,100.0,drug.pdf
90,12,100.0,off.pdf
90,13,100.0,police.pdf
90,14,100.0,prepare.pdf
90,15,100.0,west.pdf
90,17,100.0,play.pdf
90,18,100.0,surface.pdf
90,23,100.0,source.pdf
90,26,100.0,none.pdf
90,28,100.0,price.pdf
90,30,100.0,return.pdf
91,3,100.0,together.pdf
91,4,100.0,sing.pdf
91,16,100.0,show.pdf
91,17,100.0,tree.pdf
91,17,100.0,prevent.pdf
91,18,100.0,interesting.pdf
91,19,100.0,TV.pdf
91,19,100.0,vote.pdf
91,20,100.0,between.pdf
91,22,100.0,myself.pdf
91,23,100.0,more.pdf
91,27,100.0,although.pdf
92,3,100.0,government.pdf
92,9,100.0,town.pdf
92,17,100.0,follow.pdf
92,23,100.0,customer.pdf
93,3,100.0,public.pdf
93,5,100.0,national.pdf
93,9,100.0,church.pdf
93,14,100.0,stage.pdf
93,18,100.0,travel.pdf
93,23,100.0,hour.pdf
93,24,100.0,once.pdf
93,25,100.0,under.pdf
93,27,100.0,seven.pdf
93,28,100.0,man.pdf
93,29,100.0,they.pdf
94,1,100.0,expect.pdf
94,1,100.0,history.pdf
94,2,100.0,policy.pdf
94,3,100.0,mind.pdf
94,5,100.0,decade.pdf
94,8,100.0,similar.pdf
94,8,100.0,issue.pdf
94,10,100.0,computer.pdf
94,16,100.0,might.pdf
94,17,100.0,realize.pdf
94,18,100.0,range.pdf
94,23,100.0,policy.pdf
94,27,100.0,while.pdf
95,16,100.0,ground.pdf
95,18,100.0,little.pdf
95,28,100.0,marriage.pdf
96,6,100.0,join.pdf
96,6,100.0,scene.pdf
96,9,100.0,program.pdf
96,10,100.0,that.pdf
96,12,100.0,population.pdf
96,20,100.0,TV.pdf
96,24,100.0,each.pdf
96,27,100.0,husband.pdf
97,1,100.0,someone.pdf
97,2,100.0,effort.pdf
97,4,100.0,drop.pdf
97,4,100.0,fear.pdf
97,12,100.0,government.pdf
97,13,100.0,ground.pdf
97,17,100.0,stock.pdf
97,22,100.0,production.pdf
97,23,100.0,deal.pdf
97,24,100.0,reveal.pdf
98,1,100.0,charge.pdf
98,10,100.0,loss.pdf
98,11,100.0,red.pdf
98,12,100.0,word.pdf
98,23,100.0,painting.pdf
98,25,100.0,color.pdf
99,2,100.0,successful.pdf
99,7,100.0,tough.pdf
99,9,100.0,check.pdf
99,11,100.0,century.pdf
99,12,100.0,upon.pdf
99,13,100.0,start.pdf
99,18,100.0,time.pdf
99,20,100.0,knowledge.pdf
99,24,100.0,young.pdf
100,1,100.0,ground.pdf
100,1,100.0,somebody.pdf
100,1,100.0,enjoy.pdf
100,6,100.0,entire.pdf
100,9,100.0,across.pdf
100,11,100.0,quite.pdf
100,11,100.0,answer.pdf
100,23,100.0,build.pdf
100,24,100.0,choose.pdf
101,1,100.0,pressure.pdf
101,7,100.0,herself.pdf
101,9,100.0,through.pdf
101,28,100.0,company.pdf
101,29,100.0,first.pdf
102,2,100.0,focus.pdf
102,3,100.0,car.pdf
102,6,100.0,close.pdf
102,9,100.0,well.pdf
102,9,100.0,by.pdf
102,16,100.0,nor.pdf
102,19,100.0,forward.pdf
102,24,100.0,attention.pdf
102,25,100.0,lose.pdf
103,3,100.0,talk.pdf
103,5,100.0,go.pdf
103,7,100.0,call.pdf
103,13,100.0,between.pdf
103,19,100.0,along.pdf
103,21,100.0,nature.pdf
103,26,100.0,role.pdf
103,26,100.0,course.pdf
103,28,100.0,second.pdf
103,30,100.0,summer.pdf
104,1,100.0,middle.pdf
104,2,100.0,follow.pdf
104,3,100.0,attorney.pdf
104,10,100.0,data.pdf
104,13,100.0,firm.pdf
104,17,100.0,learn.pdf
104,18,100.0,somebody.pdf
104,18,100.0,must.pdf
104,23,100.0,else.pdf
104,25,100.0,reality.pdf
104,28,100.0,be.pdf
105,4,100.0,protect.pdf
105,5,100.0,she.pdf
105,16,100.0,include.pdf
105,17,100.0,machine.pdf
105,19,100.0,smile.pdf
105,20,100.0,little.pdf
105,22,100.0,actually.pdf
105,26,100.0,technology.pdf
105,28,100.0,agency.pdf
105,28,100.0,never.pdf
106,4,100.0,actually.pdf
106,11,100.0,agency.pdf
106,13,100.0,behind.pdf
106,17,100.0,top.pdf
106,17,100.0,dinner.pdf
106,25,100.0,security.pdf
106,28,100.0,letter.pdf
107,2,100.0,score.pdf
107,4,100.0,soon.pdf
107,13,100.0,onto.pdf
107,24,100.0,just.pdf
107,25,100.0,president.pdf
108,1,100.0,effect.pdf
108,2,100.0,range.pdf
108,7,100.0,just.pdf
108,7,100.0,Mr.pdf
108,9,100.0,there.pdf
108,15,100.0,yeah.pdf
108,18,100.0,turn.pdf
108,23,100.0,blue.pdf
108,23,100.0,month.pdf
109,1,100.0,challenge.pdf
109,3,100.0,us.pdf
109,6,100.0,couple.pdf
109,13,100.0,try.pdf
109,19,100.0,phone.pdf
109,20,100.0,marriage.pdf
109,24,100.0,we.pdf
109,24,100.0,too.pdf
109,28,100.0,traditional.pdf
110,2,100.0,institution.pdf
110,4,100.0,sense.pdf
110,5,100.0,drive.pdf
110,5,100.0,life.pdf
110,8,100.0,say.pdf
110,12,100.0,less.pdf
110,13,100.0,possible.pdf
110,13,100.0,democratic.pdf
110,17,100.0,sure.pdf
110,18,100.0,family.pdf
110,26,100.0,trip.pdf
111,9,100.0,military.pdf
111,13,100.0,kitchen.pdf
111,13,100.0,option.pdf
111,18,100.0,friend.pdf
111,25,100.0,consumer.pdf
112,1,100.0,ago.pdf
112,1,100.0,indeed.pdf
112,3,100.0,project.pdf
112,8,100.0,business.pdf
112,9,100.0,figure.pdf
112,12,100.0,put.pdf
112,18,100.0,share.pdf
112,20,100.0,or.pdf
112,28,100.0,case.pdf
112,30,100.0,my.pdf
113,5,100.0,box.pdf
113,9,100.0,ago.pdf
113,11,100.0,our.pdf
113,11,100.0,but.pdf
113,13,100.0,nature.pdf
113,18,100.0,computer.pdf
113,23,100.0,out.pdf
113,24,100.0,administration.pdf
113,28,100.0,mention.pdf
114,12,100.0,language.pdf
114,20,100.0,impact.pdf
114,24,100.0,on.pdf
114,29,100.0,couple.pdf
115,1,100.0,radio.pdf
115,2,100.0,return.pdf
115,2,100.0,meeting.pdf
115,3,100.0,realize.pdf
115,5,100.0,enter.pdf
115,9,100.0,yourself.pdf
115,15,100.0,thought.pdf
115,19,100.0,politics.pdf
115,25,100.0,lot.pdf
115,29,100.0,miss.pdf
115,30,100.0,really.pdf
116,1,100.0,teacher.pdf
116,2,100.0,statement.pdf
116,3,100.0,message.pdf
116,3,100.0,plant.pdf
116,4,100.0,decade.pdf
116,12,100.0,arrive.pdf
116,18,100.0,color.pdf
116,18,100.0,big.pdf
116,23,100.0,close.pdf
116,25,100.0,performance.pdf
117,1,100.0,consider.pdf
117,9,100.0,upon.pdf
117,12,100.0,fish.pdf
117,13,100.0,any.pdf
117,19,100.0,plant.pdf
117,27,100.0,write.pdf
117,30,100.0,billion.pdf
118,1,100.0,pull.pdf
118,3,100.0,factor.pdf
118,11,100.0,produce.pdf
118,14,100.0,determine.pdf
118,16,100.0,prove.pdf
118,24,100.0,man.pdf
119,1,100.0,change.pdf
119,2,100.0,free.pdf
119,5,100.0,sit.pdf
119,22,100.0,pass.pdf
119,23,100.0,service.pdf
119,28,100.0,fact.pdf
120,8,100.0,finally.pdf
120,9,100.0,central.pdf
120,9,100.0,business.pdf
120,25,100.0,line.pdf
121,2,100.0,marriage.pdf
121,3,100.0,yet.pdf
121,11,100.0,hand.pdf
121,15,100.0,yet.pdf
121,16,100.0,arrive.pdf
121,22,100.0,control.pdf
121,22,100.0,force.pdf
121,27,100.0,sing.pdf
121,30,100.0,need.pdf
122,1,100.0,none.pdf
122,2,100.0,within.pdf
122,8,100.0,seat.pdf
122,9,100.0,trip.pdf
122,9,100.0,few.pdf
122,18,100.0,unit.pdf
122,19,100.0,hot.pdf
123,1,100.0,play.pdf
123,1,100.0,green.pdf
123,2,100.0,bit.pdf
123,4,100.0,kid.pdf
123,4,100.0,society.pdf
123,25,100.0,role.pdf
123,28,100.0,wall.pdf
124,2,100.0,there.pdf
124,5,100.0,possible.pdf
124,5,100.0,career.pdf
124,7,100.0,describe.pdf
124,8,100.0,level.pdf
124,8,100.0,by.pdf
124,10,100.0,responsibility.pdf
124,11,100.0,table.pdf
124,17,100.0,wonder.pdf
124,17,100.0,upon.pdf
124,18,100.0,before.pdf
124,26,100.0,discover.pdf
125,3,100.0,when.pdf
125,4,100.0,wait.pdf
125,5,100.0,blue.pdf
125,8,100.0,care.pdf
125,9,100.0,heart.pdf
125,16,100.0,why.pdf
125,19,100.0,produce.pdf
126,1,100.0,western.pdf
126,5,100.0,interesting.pdf
126,5,100.0,director.pdf
126,9,100.0,fight.pdf
126,19,100.0,half.pdf
126,24,100.0,former.pdf
126,28,100.0,peace.pdf
126,28,100.0,else.pdf
127,1,100.0,rather.pdf
127,3,100.0,board.pdf
127,5,100.0,executive.pdf
127,12,100.0,week.pdf
127,13,100.0,civil.pdf
127,24,100.0,loss.pdf
127,24,100.0,western.pdf
127,25,100.0,sense.pdf
127,28,100.0,within.pdf
128,1,100.0,campaign.pdf
128,1,100.0,career.pdf
128,3,100.0,three.pdf
128,5,100.0,improve.pdf
128,9,100.0,return.pdf
128,17,100.0,director.pdf
128,23,100.0,assume.pdf
128,24,100.0,least.pdf
128,25,100.0,opportunity.pdf
128,27,100.0,single.pdf
128,29,100.0,its.pdf
129,7,100.0,appear.pdf
129,11,100.0,claim.pdf
129,17,100.0,data.pdf
129,18,100.0,compare.pdf
129,20,100.0,they.pdf
129,21,100.0,management.pdf
129,25,100.0,try.pdf
130,3,100.0,face.pdf
130,5,100.0,man.pdf
130,9,100.0,yes.pdf
130,10,100.0,walk.pdf
130,12,100.0,nature.pdf
130,17,100.0,assume.pdf
130,22,100.0,center.pdf
130,28,100.0,scientist.pdf
130,29,100.0,campaign.pdf
131,1,100.0,send.pdf
131,7,100.0,conference.pdf
131,10,100.0,dog.pdf
131,12,100.0,guess.pdf
131,15,100.0,know.pdf
131,18,100.0,drop.pdf
131,21,100.0,first.pdf
131,21,100.0,fine.pdf
131,24,100.0,bring.pdf
131,28,100.0,anything.pdf
132,1,100.0,writer.pdf
132,3,100.0,pay.pdf
132,3,100.0,identify.pdf
132,6,100.0,another.pdf
132,13,100.0,share.pdf
132,14,100.0,house.pdf
132,16,100.0,democratic.pdf
132,16,100.0,compare.pdf
132,20,100.0,car.pdf
132,24,100.0,choose.pdf
132,27,100.0,again.pdf
133,2,100.0,wish.pdf
133,6,100.0,color.pdf
133,13,100.0,experience.pdf
133,20,100.0,five.pdf
133,23,100.0,natural.pdf
133,25,100.0,interesting.pdf
133,25,100.0,measure.pdf
133,28,100.0,stand.pdf
133,29,100.0,everything.pdf
134,7,100.0,research.pdf
134,9,100.0,leg.pdf
134,9,100.0,hotel.pdf
134,15,100.0,impact.pdf
135,9,100.0,shoulder.pdf
135,11,100.0,race.pdf
135,12,100.0,religious.pdf
135,15,100.0,agreement.pdf
135,16,100.0,southern.pdf
135,26,100.0,year.pdf
136,1,100.0,about.pdf
136,3,100.0,method.pdf
136,8,100.0,well.pdf
136,9,100.0,only.pdf
136,9,100.0,would.pdf
136,10,100.0,back.pdf
136,16,100.0,candidate.pdf
136,28,100.0,military.pdf
137,1,100.0,risk.pdf
137,1,100.0,tax.pdf
137,2,100.0,maintain.pdf
137,5,100.0,so.pdf
137,13,100.0,bill.pdf
137,13,100.0,structure.pdf
137,18,100.0,interesting.pdf
137,21,100.0,instead.pdf
137,22,100.0,good.pdf
137,30,100.0,range.pdf
138,1,100.0,short.pdf
138,3,100.0,wrong.pdf
138,9,100.0,decide.pdf
138,19,100.0,role.pdf
138,20,100.0,past.pdf
138,20,100.0,store.pdf
138,25,100.0,figure.pdf
138,26,100.0,late.pdf
139,5,100.0,decide.pdf
139,11,100.0,remain.pdf
139,11,100.0,owner.pdf
139,17,100.0,any.pdf
139,18,100.0,bit.pdf
139,27,100.0,like.pdf
140,1,100.0,fact.pdf
140,1,100.0,ago.pdf
140,1,100.0,product.pdf
140,3,100.0,politics.pdf
140,9,100.0,former.pdf
140,13,100.0,soldier.pdf
140,13,100.0,rule.pdf
140,16,100.0,stock.pdf
140,17,100.0,item.pdf
140,18,100.0,number.pdf
140,23,100.0,line.pdf
140,24,100.0,despite.pdf
140,27,100.0,us.pdf
141,3,100.0,growth.pdf
141,3,100.0,base.pdf
141,5,100.0,rock.pdf
141,6,100.0,goal.pdf
141,9,100.0,man.pdf
141,16,100.0,tree.pdf
141,17,100.0,least.pdf
141,17,100.0,each.pdf
141,18,100.0,likely.pdf
141,19,100.0,eat.pdf
141,22,100.0,song.pdf
141,26,100.0,stuff.pdf
141,28,100.0,stock.pdf
142,1,100.0,again.pdf
142,7,100.0,wonder.pdf
142,11,100.0,kind.pdf
142,28,100.0,south.pdf
143,5,100.0,fly.pdf
143,9,100.0,the.pdf
143,22,100.0,glass.pdf
143,24,100.0,series.pdf
143,25,100.0,miss.pdf
143,25,100.0,sometimes.pdf
143,27,100.0,popular.pdf
144,2,100.0,value.pdf
144,3,100.0,whole.pdf
144,9,100.0,site.pdf
144,9,100.0,seven.pdf
144,9,100.0,old.pdf
144,11,100.0,school.pdf
144,22,100.0,pass.pdf
144,22,100.0,bit.pdf
144,28,100.0,may.pdf
144,28,100.0,movie.pdf
145,2,100.0,range.pdf
145,5,100.0,must.pdf
145,8,100.0,position.pdf
145,13,100.0,public.pdf
145,14,100.0,leader.pdf
145,15,100.0,there.pdf
145,18,100.0,range.pdf
145,28,100.0,look.pdf
146,1,100.0,however.pdf
146,1,100.0,represent.pdf
146,4,100.0,on.pdf
146,14,100.0,study.pdf
146,19,100.0,also.pdf
146,21,100.0,around.pdf
146,28,100.0,leg.pdf
147,1,100.0,glass.pdf
147,9,100.0,develop.pdf
147,13,100.0,explain.pdf
147,15,100.0,cell.pdf
147,16,100.0,agree.pdf
147,17,100.0,situation.pdf
147,19,100.0,heavy.pdf
147,19,100.0,stand.pdf
147,22,100.0,third.pdf
148,11,100.0,cell.pdf
148,17,100.0,first.pdf
148,19,100.0,guess.pdf
148,20,100.0,kind.pdf
148,27,100.0,him.pdf
149,1,100.0,beat.pdf
149,3,100.0,thought.pdf
149,6,100.0,it.pdf
149,10,100.0,address.pdf
149,14,100.0,man.pdf
149,15,100.0,collection.pdf
149,17,100.0,argue.pdf
149,19,100.0,power.pdf
149,23,100.0,since.pdf
149,24,100.0,everybody.pdf
149,28,100.0,fall.pdf
150,5,100.0,box.pdf
150,12,100.0,join.pdf
151,7,100.0,care.pdf
151,16,100.0,street.pdf
151,23,100.0,letter.pdf
151,26,100.0,relationship.pdf
151,28,100.0,in.pdf
151,28,100.0,left.pdf
152,1,100.0,cause.pdf
152,1,100.0,find.pdf
152,7,100.0,executive.pdf
152,9,100.0,fund.pdf
152,20,100.0,that.pdf
152,23,100.0,page.pdf
152,23,100.0,available.pdf
152,24,100.0,produce.pdf
152,29,100.0,cost.pdf
152,30,100.0,newspaper.pdf
153,1,100.0,ground.pdf
153,6,100.0,house.pdf
153,9,100.0,place.pdf
153,11,100.0,area.pdf
153,13,100.0,how.pdf
153,24,100.0,such.pdf
153,25,100.0,class.pdf
153,25,100.0,not.pdf
153,26,100.0,center.pdf
153,28,100.0,candidate.pdf
153,30,100.0,send.pdf
154,9,100.0,or.pdf
154,9,100.0,government.pdf
154,10,100.0,drive.pdf
154,12,100.0,ability.pdf
154,15,100.0,test.pdf
154,19,100.0,school.pdf
154,22,100.0,radio.pdf
154,22,100.0,always.pdf
154,24,100.0,yet.pdf
154,24,100.0,north.pdf
154,28,100.0,need.pdf
154,30,100.0,director.pdf
155,1,100.0,well.pdf
155,2,100.0,that.pdf
155,4,100.0,him.pdf
155,7,100.0,whatever.pdf
155,12,100.0,stop.pdf
155,18,100.0,particularly.pdf
155,19,100.0,lose.pdf
155,20,100.0,cover.pdf
155,22,100.0,return.pdf
155,23,100.0,end.pdf
155,26,100.0,fire.pdf
155,26,100.0,citizen.pdf
155,28,100.0,reason.pdf
155,28,100.0,cup.pdf
156,1,100.0,or.pdf
156,1,100.0,wrong.pdf
156,3,100.0,conference.pdf
156,5,100.0,enough.pdf
156,5,100.0,recently.pdf
156,7,100.0,gas.pdf
156,8,100.0,film.pdf
156,15,100.0,deep.pdf
156,18,100.0,they.pdf
156,30,100.0,might.pdf
156,30,100.0,opportunity.pdf
157,5,100.0,phone.pdf
157,9,100.0,message.pdf
157,17,100.0,raise.pdf
157,24,100.0,minute.pdf
157,30,100.0,point.pdf
158,1,100.0,himself.pdf
158,7,100.0,instead.pdf
158,8,100.0,fear.pdf
158,16,100.0,once.pdf
158,16,100.0,not.pdf
158,18,100.0,follow.pdf
158,18,100.0,everyone.pdf
158,22,100.0,study.pdf
158,23,100.0,value.pdf
158,25,100.0,work.pdf
158,27,100.0,different.pdf
159,13,100.0,sometimes.pdf
159,23,100.0,ok.pdf
159,24,100.0,eat.pdf
159,29,100.0,follow.pdf
160,3,100.0,behavior.pdf
160,5,100.0,edge.pdf
160,7,100.0,their.pdf
160,9,100.0,yes.pdf
160,12,100.0,dog.pdf
160,16,100.0,art.pdf
160,20,100.0,how.pdf
160,25,100.0,your.pdf
160,25,100.0,loss.pdf
160,26,100.0,left.pdf
160,28,100.0,assume.pdf
161,3,100.0,local.pdf
161,6,100.0,heavy.pdf
161,10,100.0,actually.pdf
161,12,100.0,really.pdf
161,14,100.0,spring.pdf
161,15,100.0,stop.pdf
161,15,100.0,draw.pdf
161,20,100.0,near.pdf
161,22,100.0,home.pdf
161,23,100.0,answer.pdf
161,24,100.0,firm.pdf
161,26,100.0,mission.pdf
161,28,100.0,admit.pdf
162,1,100.0,forward.pdf
162,4,100.0,history.pdf
162,8,100.0,short.pdf
162,12,100.0,rule.pdf
162,17,100.0,citizen.pdf
163,1,100.0,heart.pdf
163,9,100.0,music.pdf
163,14,100.0,former.pdf
163,15,100.0,wife.pdf
163,16,100.0,deep.pdf
163,17,100.0,now.pdf
163,23,100.0,tax.pdf
163,28,100.0,reduce.pdf
164,1,100.0,up.pdf
164,3,100.0,live.pdf
164,5,100.0,them.pdf
164,5,100.0,along.pdf
164,9,100.0,financial.pdf
164,9,100.0,huge.pdf
164,12,100.0,bank.pdf
164,17,100.0,according.pdf
164,20,100.0,wife.pdf
164,21,100.0,purpose.pdf
164,23,100.0,old.pdf
164,23,100.0,occur.pdf
164,25,100.0,chair.pdf
164,28,100.0,concern.pdf
164,30,100.0,only.pdf
165,4,100.0,start.pdf
165,7,100.0,staff.pdf
165,12,100.0,weight.pdf
165,13,100.0,learn.pdf
165,13,100.0,as.pdf
165,17,100.0,cost.pdf
165,26,100.0,go.pdf
165,30,100.0,positive.pdf
166,3,100.0,but.pdf
166,5,100.0,kind.pdf
166,11,100.0,opportunity.pdf
166,15,100.0,lawyer.pdf
166,20,100.0,information.pdf
166,24,100.0,current.pdf
166,24,100.0,door.pdf
166,30,100.0,statement.pdf
167,2,100.0,watch.pdf
167,3,100.0,radio.pdf
167,5,100.0,agent.pdf
167,26,100.0,town.pdf
168,5,100.0,director.pdf
168,8,100.0,administration.pdf
168,9,100.0,able.pdf
168,10,100.0,whether.pdf
168,10,100.0,kitchen.pdf
168,16,100.0,try.pdf
168,19,100.0,specific.pdf
168,23,100.0,should.pdf
168,26,100.0,occur.pdf
168,28,100.0,low.pdf
169,1,100.0,daughter.pdf
169,5,100.0,score.pdf
169,5,100.0,fund.pdf
169,8,100.0,listen.pdf
169,10,100.0,interest.pdf
169,12,100.0,hospital.pdf
169,19,100.0,happy.pdf
169,20,100.0,each.pdf
169,24,100.0,technology.pdf
170,4,100.0,some.pdf
170,6,100.0,ago.pdf
170,9,100.0,amount.pdf
170,11,100.0,owner.pdf
170,13,100.0,left.pdf
170,24,100.0,crime.pdf
170,25,100.0,age.pdf
170,25,100.0,interesting.pdf
170,28,100.0,pick.pdf
170,29,100.0,so.pdf
171,9,100.0,design.pdf
171,9,100.0,left.pdf
171,16,100.0,expect.pdf
171,19,100.0,moment.pdf
171,29,100.0,drug.pdf
172,3,100.0,garden.pdf
172,3,100.0,them.pdf
172,4,100.0,clear.pdf
172,9,100.0,black.pdf
172,9,100.0,test.pdf
172,10,100.0,spend.pdf
172,11,100.0,hit.pdf
172,15,100.0,indicate.pdf
172,15,100.0,by.pdf
172,25,100.0,road.pdf
172,25,100.0,safe.pdf
172,28,100.0,national.pdf
172,28,100.0,little.pdf
173,9,100.0,event.pdf
173,9,100.0,consider.pdf
173,10,100.0,factor.pdf
173,12,100.0,Democrat.pdf
173,12,100.0,do.pdf
173,12,100.0,myself.pdf
173,16,100.0,there.pdf
173,18,100.0,pull.pdf
173,22,100.0,even.pdf
173,29,100.0,if.pdf
174,2,100.0,laugh.pdf
174,5,100.0,to.pdf
174,5,100.0,traditional.pdf
174,8,100.0,Mr.pdf
174,18,100.0,to.pdf
174,24,100.0,break.pdf
174,24,100.0,century.pdf
175,1,100.0,environment.pdf
175,2,100.0,company.pdf
175,11,100.0,public.pdf
175,16,100.0,forget.pdf
175,16,100.0,fine.pdf
175,23,100.0,number.pdf
175,25,100.0,police.pdf
176,1,100.0,wife.pdf
176,2,100.0,agreement.pdf
176,9,100.0,woman.pdf
176,12,100.0,land.pdf
176,13,100.0,yet.pdf
176,16,100.0,minute.pdf
176,24,100.0,trip.pdf
177,1,100.0,our.pdf
177,1,100.0,face.pdf
177,8,100.0,against.pdf
177,10,100.0,forward.pdf
177,13,100.0,information.pdf
177,16,100.0,interview.pdf
177,17,100.0,piece.pdf
177,24,100.0,fire.pdf
178,5,100.0,language.pdf
178,9,100.0,hour.pdf
178,9,100.0,player.pdf
178,13,100.0,market.pdf
178,19,100.0,deal.pdf
178,23,100.0,institution.pdf
179,1,100.0,list.pdf
179,3,100.0,economy.pdf
179,6,100.0,several.pdf
179,8,100.0,wall.pdf
179,14,100.0,something.pdf
179,14,100.0,indicate.pdf
179,17,100.0,meeting.pdf
179,21,100.0,or.pdf
179,23,100.0,could.pdf
180,1,100.0,add.pdf
180,4,100.0,similar.pdf
180,5,100.0,left.pdf
180,6,100.0,within.pdf
180,9,100.0,stock.pdf
180,18,100.0,eye.pdf
180,22,100.0,heart.pdf
180,27,100.0,sort.pdf
180,28,100.0,toward.pdf
180,28,100.0,recent.pdf
180,29,100.0,front.pdf
181,1,100.0,bed.pdf
181,3,100.0,may.pdf
181,4,100.0,next.pdf
181,5,100.0,time.pdf
181,6,100.0,rather.pdf
181,11,100.0,offer.pdf
181,21,100.0,evidence.pdf
181,24,100.0,city.pdf
181,28,100.0,close.pdf
181,28,100.0,recognize.pdf
181,28,100.0,public.pdf
181,30,100.0,long.pdf
182,1,100.0,outside.pdf
182,1,100.0,together.pdf
182,2,100.0,speech.pdf
182,4,100.0,give.pdf
182,12,100.0,participant.pdf
182,20,100.0,special.pdf
182,22,100.0,in.pdf
182,23,100.0,one.pdf
182,24,100.0,order.pdf
183,15,100.0,among.pdf
183,17,100.0,artist.pdf
183,25,100.0,term.pdf
183,27,100.0,grow.pdf
184,9,100.0,responsibility.pdf
184,9,100.0,contain.pdf
184,9,100.0,bad.pdf
184,12,100.0,too.pdf
184,17,100.0,fast.pdf
184,24,100.0,country.pdf
184,26,100.0,red.pdf
184,26,100.0,business.pdf
184,28,100.0,significant.pdf
185,4,100.0,heart.pdf
185,7,100.0,enough.pdf
185,9,100.0,which.pdf
185,16,100.0,Mr.pdf
185,24,100.0,series.pdf
185,24,100.0,third.pdf
185,25,100.0,anything.pdf
185,29,100.0,relate.pdf
185,29,100.0,audience.pdf
186,2,100.0,picture.pdf
186,4,100.0,first.pdf
186,13,100.0,imagine.pdf
186,16,100.0,exactly.pdf
186,18,100.0,good.pdf
186,19,100.0,trial.pdf
186,26,100.0,it.pdf
186,28,100.0,institution.pdf
187,3,100.0,country.pdf
187,7,100.0,water.pdf
187,12,100.0,parent.pdf
187,24,100.0,agree.pdf
188,1,100.0,environmental.pdf
188,1,100.0,something.pdf
188,6,100.0,production.pdf
188,13,100.0,learn.pdf
188,16,100.0,medical.pdf
188,16,100.0,peace.pdf
188,17,100.0,break.pdf
188,18,100.0,agency.pdf
188,18,100.0,yourself.pdf
188,21,100.0,long.pdf
188,22,100.0,meeting.pdf
188,26,100.0,scene.pdf
189,5,100.0,right.pdf
189,7,100.0,set.pdf
189,10,100.0,join.pdf
189,24,100.0,couple.pdf
190,1,100.0,person.pdf
190,1,100.0,push.pdf
190,2,100.0,training.pdf
190,8,100.0,let.pdf
190,9,100.0,simply.pdf
190,16,100.0,to.pdf
190,16,100.0,example.pdf
190,16,100.0,allow.pdf
190,22,100.0,where.pdf
190,25,100.0,never.pdf
191,1,100.0,tell.pdf
191,3,100.0,hotel.pdf
191,4,100.0,pressure.pdf
191,13,100.0,evening.pdf
191,16,100.0,major.pdf
191,18,100.0,building.pdf
191,24,100.0,cup.pdf
191,24,100.0,public.pdf
191,26,100.0,land.pdf
192,1,100.0,position.pdf
192,1,100.0,he.pdf
192,16,100.0,quickly.pdf
192,17,100.0,once.pdf
192,26,100.0,stand.pdf
192,27,100.0,bad.pdf
192,28,100.0,face.pdf
193,1,100.0,because.pdf
193,5,100.0,national.pdf
193,6,100.0,next.pdf
193,6,100.0,with.pdf
193,12,100.0,economic.pdf
193,20,100.0,score.pdf
193,21,100.0,play.pdf
193,28,100.0,answer.pdf
194,3,100.0,behind.pdf
194,12,100.0,go.pdf
194,23,100.0,owner.pdf
194,23,100.0,Mr.pdf
194,26,100.0,article.pdf
194,26,100.0,still.pdf
195,1,100.0,music.pdf
195,1,100.0,all.pdf
195,5,100.0,I.pdf
195,7,100.0,father.pdf
195,9,100.0,wonder.pdf
195,12,100.0,heavy.pdf
195,13,100.0,defense.pdf
195,16,100.0,she.pdf
195,17,100.0,beat.pdf
195,19,100.0,could.pdf
196,3,100.0,development.pdf
196,5,100.0,thing.pdf
196,6,100.0,final.pdf
196,15,100.0,laugh.pdf
196,21,100.0,use.pdf
196,26,100.0,something.pdf
197,1,100.0,no.pdf
197,4,100.0,tax.pdf
197,8,100.0,international.pdf
197,9,100.0,wonder.pdf
197,13,100.0,floor.pdf
197,13,100.0,bit.pdf
197,18,100.0,from.pdf
197,20,100.0,light.pdf
197,24,100.0,why.pdf
197,27,100.0,face.pdf
198,9,100.0,help.pdf
198,10,100.0,still.pdf
198,11,100.0,west.pdf
198,13,100.0,own.pdf
198,14,100.0,other.pdf
198,25,100.0,speech.pdf
199,8,100.0,expect.pdf
199,9,100.0,now.pdf
199,12,100.0,personal.pdf
199,16,100.0,tough.pdf
199,17,100.0,class.pdf
199,18,100.0,foreign.pdf
199,21,100.0,concern.pdf
199,24,100.0,speech.pdf
199,25,100.0,energy.pdf
199,28,100.0,eat.pdf
199,29,100.0,control.pdf
199,30,100.0,ago.pdf
200,1,100.0,fill.pdf
200,6,100.0,every.pdf
200,8,100.0,military.pdf
200,10,100.0,couple.pdf
200,12,100.0,front.pdf
200,16,100.0,one.pdf
200,19,100.0,marriage.pdf
200,27,100.0,result.pdf
201,1,100.0,more.pdf
201,3,100.0,through.pdf
201,14,100.0,turn.pdf
201,15,100.0,speak.pdf
201,19,100.0,listen.pdf
201,28,100.0,east.pdf
201,29,100.0,floor.pdf
202,1,100.0,concern.pdf
202,5,100.0,light.pdf
202,5,100.0,recent.pdf
202,5,100.0,Congress.pdf
202,12,100.0,pattern.pdf
202,13,100.0,evening.pdf
202,13,100.0,conference.pdf
202,24,100.0,marriage.pdf
203,2,100.0,begin.pdf
203,3,100.0,scene.pdf
203,6,100.0,pick.pdf
203,13,100.0,might.pdf
203,15,100.0,way.pdf
203,21,100.0,risk.pdf
203,22,100.0,factor.pdf
203,23,100.0,develop.pdf
204,1,100.0,lead.pdf
204,9,100.0,compare.pdf
204,16,100.0,certain.pdf
204,19,100.0,real.pdf
204,23,100.0,prove.pdf
204,26,100.0,history.pdf
205,5,100.0,research.pdf
205,9,100.0,now.pdf
205,9,100.0,agreement.pdf
205,10,100.0,development.pdf
205,15,100.0,here.pdf
205,19,100.0,degree.pdf
205,19,100.0,nice.pdf
205,22,100.0,site.pdf
205,25,100.0,bill.pdf
205,28,100.0,push.pdf
205,29,100.0,would.pdf
206,2,100.0,bring.pdf
206,14,100.0,husband.pdf
206,18,100.0,if.pdf
206,20,100.0,point.pdf
206,21,100.0,bring.pdf
206,22,100.0,dog.pdf
207,2,100.0,address.pdf
207,5,100.0,also.pdf
207,5,100.0,ground.pdf
207,9,100.0,police.pdf
207,17,100.0,total.pdf
207,17,100.0,pick.pdf
207,24,100.0,from.pdf
207,28,100.0,senior.pdf
207,29,100.0,effort.pdf
208,1,100.0,recognize.pdf
208,1,100.0,sea.pdf
208,1,100.0,wide.pdf
208,5,100.0,law.pdf
208,11,100.0,finally.pdf
208,12,100.0,support.pdf
208,15,100.0,past.pdf
208,16,100.0,worker.pdf
208,28,100.0,administration.pdf
209,1,100.0,surface.pdf
209,1,100.0,road.pdf
209,2,100.0,at.pdf
209,3,100.0,analysis.pdf
209,11,100.0,front.pdf
209,13,100.0,start.pdf
209,18,100.0,experience.pdf
209,21,100.0,none.pdf
209,23,100.0,shoulder.pdf
209,23,100.0,industry.pdf
209,26,100.0,for.pdf
209,27,100.0,wear.pdf
210,9,100.0,fill.pdf
210,10,100.0,write.pdf
210,17,100.0,him.pdf
210,20,100.0,smile.pdf
210,22,100.0,financial.pdf
211,3,100.0,state.pdf
211,7,100.0,free.pdf
211,8,100.0,turn.pdf
211,12,100.0,very.pdf
211,17,100.0,early.pdf
211,18,100.0,these.pdf
211,22,100.0,positive.pdf
211,24,100.0,like.pdf
211,27,100.0,answer.pdf
211,28,100.0,whether.pdf
212,2,100.0,exactly.pdf
212,9,100.0,message.pdf
212,11,100.0,protect.pdf
212,16,100.0,music.pdf
212,26,100.0,everything.pdf
212,27,100.0,dark.pdf
213,3,100.0,change.pdf
213,5,100.0,member.pdf
213,16,100.0,list.pdf
213,19,100.0,system.pdf
213,29,100.0,go.pdf
214,2,100.0,travel.pdf
214,4,100.0,ability.pdf
214,9,100.0,fine.pdf
214,10,100.0,center.pdf
214,11,100.0,push.pdf
214,11,100.0,may.pdf
214,16,100.0,raise.pdf
214,20,100.0,Democrat.pdf
214,26,100.0,than.pdf
215,1,100.0,machine.pdf
215,5,100.0,stuff.pdf
215,7,100.0,most.pdf
215,8,100.0,western.pdf
215,11,100.0,accept.pdf
215,12,100.0,who.pdf
215,15,100.0,family.pdf
215,16,100.0,give.pdf
215,17,100.0,spring.pdf
215,18,100.0,above.pdf
215,24,100.0,can.pdf
215,25,100.0,change.pdf
215,27,100.0,anyone.pdf
215,28,100.0,soldier.pdf
216,2,100.0,send.pdf
216,4,100.0,green.pdf
216,7,100.0,time.pdf
216,8,100.0,Congress.pdf
216,9,100.0,foreign.pdf
216,17,100.0,soon.pdf
216,19,100.0,ask.pdf
216,21,100.0,history.pdf
216,27,100.0,dream.pdf
216,28,100.0,doctor.pdf
217,1,100.0,ago.pdf
217,2,100.0,Democrat.pdf
217,5,100.0,benefit.pdf
217,10,100.0,project.pdf
217,13,100.0,PM.pdf
217,17,100.0,whatever.pdf
217,18,100.0,finally.pdf
217,24,100.0,tree.pdf
217,28,100.0,system.pdf
217,29,100.0,represent.pdf
218,5,100.0,hotel.pdf
218,12,100.0,carry.pdf
218,14,100.0,line.pdf
218,15,100.0,I.pdf
218,21,100.0,wear.pdf
218,21,100.0,bill.pdf
218,23,100.0,sing.pdf
218,24,100.0,entire.pdf
219,3,100.0,trade.pdf
219,5,100.0,care.pdf
219,9,100.0,provide.pdf
219,9,100.0,soon.pdf
219,12,100.0,shoulder.pdf
219,12,100.0,something.pdf
219,16,100.0,we.pdf
219,17,100.0,ahead.pdf
219,23,100.0,receive.pdf
219,24,100.0,Republican.pdf
219,25,100.0,officer.pdf
219,25,100.0,result.pdf
220,1,100.0,rest.pdf
220,6,100.0,accept.pdf
220,9,100.0,worry.pdf
220,9,100.0,page.pdf
220,10,100.0,provide.pdf
220,10,100.0,four.pdf
220,13,100.0,meet.pdf
220,18,100.0,television.pdf
220,21,100.0,local.pdf
220,24,100.0,find.pdf
220,30,100.0,together.pdf
221,7,100.0,other.pdf
221,9,100.0,future.pdf
221,11,100.0,plan.pdf
221,12,100.0,interest.pdf
221,25,100.0,ball.pdf
222,13,100.0,condition.pdf
222,13,100.0,why.pdf
222,18,100.0,fish.pdf
222,18,100.0,position.pdf
222,20,100.0,while.pdf
222,27,100.0,recently.pdf
223,1,100.0,interest.pdf
223,4,100.0,tend.pdf
223,8,100.0,customer.pdf
223,9,100.0,fly.pdf
223,18,100.0,east.pdf
223,23,100.0,any.pdf
223,23,100.0,bar.pdf
223,28,100.0,become.pdf
224,1,100.0,student.pdf
224,1,100.0,mother.pdf
224,5,100.0,public.pdf
224,12,100.0,require.pdf
224,17,100.0,hand.pdf
224,18,100.0,he.pdf
224,24,100.0,eight.pdf
224,26,100.0,similar.pdf
224,27,100.0,sort.pdf
225,1,100.0,party.pdf
225,2,100.0,between.pdf
225,12,100.0,for.pdf
225,22,100.0,night.pdf
225,26,100.0,guy.pdf
225,27,100.0,start.pdf
225,28,100.0,happen.pdf
226,1,100.0,sister.pdf
226,1,100.0,political.pdf
226,12,100.0,off.pdf
226,12,100.0,wrong.pdf
226,13,100.0,learn.pdf
226,19,100.0,leader.pdf
226,28,100.0,teacher.pdf
226,28,100.0,in.pdf
226,30,100.0,president.pdf
227,1,100.0,some.pdf
227,5,100.0,station.pdf
227,21,100.0,campaign.pdf
227,28,100.0,large.pdf
227,28,100.0,house.pdf
227,29,100.0,sit.pdf
228,3,100.0,down.pdf
228,9,100.0,enter.pdf
228,13,100.0,population.pdf
228,14,100.0,media.pdf
228,17,100.0,along.pdf
229,5,100.0,movement.pdf
229,5,100.0,everything.pdf
229,6,100.0,push.pdf
229,9,100.0,hour.pdf
229,12,100.0,wall.pdf
229,13,100.0,large.pdf
229,13,100.0,teacher.pdf
229,15,100.0,pressure.pdf
229,16,100.0,somebody.pdf
229,17,100.0,current.pdf
229,20,100.0,brother.pdf
229,21,100.0,until.pdf
229,28,100.0,bit.pdf
230,1,100.0,night.pdf
230,4,100.0,product.pdf
230,8,100.0,skin.pdf
230,9,100.0,day.pdf
230,11,100.0,age.pdf
230,11,100.0,buy.pdf
230,27,100.0,prove.pdf
230,28,100.0,pressure.pdf
230,28,100.0,concern.pdf
231,1,100.0,parent.pdf
231,1,100.0,public.pdf
231,3,100.0,next.pdf
231,4,100.0,compare.pdf
231,9,100.0,food.pdf
231,11,100.0,onto.pdf
231,15,100.0,run.pdf
231,16,100.0,hair.pdf
231,17,100.0,color.pdf
231,23,100.0,institution.pdf
231,24,100.0,happy.pdf
231,25,100.0,already.pdf
231,28,100.0,music.pdf
231,28,100.0,property.pdf
231,29,100.0,although.pdf
232,7,100.0,office.pdf
232,8,100.0,discover.pdf
232,11,100.0,brother.pdf
232,12,100.0,anything.pdf
232,25,100.0,do.pdf
233,5,100.0,almost.pdf
233,11,100.0,onto.pdf
233,16,100.0,available.pdf
233,24,100.0,speech.pdf
233,29,100.0,then.pdf
233,30,100.0,organization.pdf
233,30,100.0,fight.pdf
234,1,100.0,gun.pdf
234,4,100.0,attention.pdf
234,6,100.0,night.pdf
234,9,100.0,month.pdf
234,9,100.0,offer.pdf
234,12,100.0,end.pdf
234,15,100.0,scene.pdf
234,16,100.0,range.pdf
234,24,100.0,off.pdf
234,26,100.0,soldier.pdf
234,27,100.0,world.pdf
235,5,100.0,student.pdf
235,23,100.0,near.pdf
235,24,100.0,cut.pdf
235,25,100.0,age.pdf
235,28,100.0,ten.pdf
236,2,100.0,question.pdf
236,3,100.0,most.pdf
236,5,100.0,data.pdf
236,9,100.0,husband.pdf
236,10,100.0,interesting.pdf
236,22,100.0,front.pdf
236,24,100.0,actually.pdf
236,28,100.0,rich.pdf
237,2,100.0,current.pdf
237,3,100.0,now.pdf
237,4,100.0,feel.pdf
237,8,100.0,number.pdf
237,10,100.0,main.pdf
237,14,100.0,someone.pdf
237,17,100.0,manage.pdf
237,17,100.0,perform.pdf
237,19,100.0,particularly.pdf
238,5,100.0,fly.pdf
238,7,100.0,firm.pdf
238,9,100.0,size.pdf
238,15,100.0,participant.pdf
238,24,100.0,brother.pdf
239,5,100.0,serious.pdf
239,8,100.0,take.pdf
239,20,100.0,spring.pdf
239,23,100.0,view.pdf
239,28,100.0,see.pdf
240,1,100.0,organization.pdf
240,2,100.0,stock.pdf
240,2,100.0,book.pdf
240,5,100.0,audience.pdf
240,7,100.0,western.pdf
240,12,100.0,name.pdf
240,15,100.0,class.pdf
240,16,100.0,what.pdf
241,9,100.0,gun.pdf
241,10,100.0,situation.pdf
241,16,100.0,consumer.pdf
241,19,100.0,section.pdf
241,19,100.0,star.pdf
241,23,100.0,break.pdf
241,23,100.0,interest.pdf
241,30,100.0,size.pdf
242,1,100.0,such.pdf
242,3,100.0,make.pdf
242,9,100.0,music.pdf
242,15,100.0,allow.pdf
242,16,100.0,front.pdf
242,16,100.0,interview.pdf
242,18,100.0,near.pdf
242,18,100.0,church.pdf
242,23,100.0,company.pdf
242,24,100.0,class.pdf
242,27,100.0,red.pdf
243,1,100.0,run.pdf
243,1,100.0,son.pdf
243,3,100.0,manage.pdf
243,10,100.0,hotel.pdf
243,21,100.0,talk.pdf
243,25,100.0,red.pdf
243,29,100.0,any.pdf
244,3,100.0,its.pdf
244,4,100.0,red.pdf
244,6,100.0,spring.pdf
244,8,100.0,stand.pdf
244,9,100.0,standard.pdf
244,12,100.0,modern.pdf
244,13,100.0,space.pdf
244,15,100.0,skin.pdf
244,16,100.0,art.pdf
244,17,100.0,try.pdf
244,24,100.0,yes.pdf
244,24,100.0,today.pdf
245,7,100.0,example.pdf
245,10,100.0,beautiful.pdf
245,15,100.0,have.pdf
245,17,100.0,message.pdf
245,22,100.0,management.pdf
245,24,100.0,growth.pdf
245,25,100.0,probably.pdf
245,28,100.0,class.pdf
246,5,100.0,thank.pdf
246,12,100.0,road.pdf
246,15,100.0,knowledge.pdf
246,22,100.0,stuff.pdf
246,25,100.0,likely.pdf
246,28,100.0,first.pdf
247,1,100.0,benefit.pdf
247,3,100.0,old.pdf
247,3,100.0,many.pdf
247,4,100.0,care.pdf
247,6,100.0,government.pdf
247,7,100.0,establish.pdf
247,7,100.0,guy.pdf
247,9,100.0,allow.pdf
247,10,100.0,suddenly.pdf
247,13,100.0,thing.pdf
247,15,100.0,enter.pdf
247,17,100.0,system.pdf
247,17,100.0,today.pdf
247,24,100.0,teach.pdf
247,27,100.0,five.pdf
248,1,100.0,whatever.pdf
248,3,100.0,building.pdf
248,4,100.0,any.pdf
248,8,100.0,body.pdf
248,9,100.0,best.pdf
248,12,100.0,away.pdf
248,17,100.0,nearly.pdf
248,24,100.0,beyond.pdf
248,26,100.0,budget.pdf
248,29,100.0,pass.pdf
248,30,100.0,deep.pdf
249,1,100.0,letter.pdf
249,4,100.0,change.pdf
249,5,100.0,number.pdf
249,6,100.0,six.pdf
249,9,100.0,coach.pdf
249,10,100.0,most.pdf
249,12,100.0,theory.pdf
249,12,100.0,agree.pdf
249,13,100.0,whole.pdf
249,24,100.0,fire.pdf
249,26,100.0,form.pdf
249,26,100.0,crime.pdf
249,26,100.0,left.pdf
249,28,100.0,morning.pdf
249,29,100.0,write.pdf
250,1,100.0,process.pdf
250,4,100.0,listen.pdf
250,5,100.0,analysis.pdf
250,7,100.0,production.pdf
250,14,100.0,power.pdf
250,23,100.0,than.pdf
251,3,100.0,prove.pdf
251,8,100.0,its.pdf
251,8,100.0,night.pdf
251,21,100.0,organization.pdf
251,23,100.0,trouble.pdf
251,23,100.0,reflect.pdf
251,25,100.0,some.pdf
252,10,100.0,positive.pdf
252,12,100.0,tell.pdf
252,13,100.0,physical.pdf
252,15,100.0,position.pdf
252,22,100.0,enjoy.pdf
253,1,100.0,professor.pdf
253,2,100.0,bar.pdf
253,2,100.0,life.pdf
253,3,100.0,nice.pdf
253,3,100.0,yeah.pdf
253,4,100.0,pick.pdf
253,9,100.0,issue.pdf
253,14,100.0,forget.pdf
253,16,100.0,low.pdf
253,16,100.0,candidate.pdf
253,17,100.0,shoulder.pdf
253,23,100.0,maybe.pdf
253,24,100.0,and.pdf
253,28,100.0,kid.pdf
253,28,100.0,clearly.pdf
254,1,100.0,parent.pdf
254,2,100.0,poor.pdf
254,3,100.0,cost.pdf
254,3,100.0,recently.pdf
254,8,100.0,upon.pdf
254,10,100.0,another.pdf
254,18,100.0,realize.pdf
254,27,100.0,explain.pdf
254,27,100.0,energy.pdf
255,5,100.0,ready.pdf
255,6,100.0,discuss.pdf
255,9,100.0,indeed.pdf
255,10,100.0,situation.pdf
255,24,100.0,nothing.pdf
256,1,100.0,while.pdf
256,4,100.0,house.pdf
256,6,100.0,both.pdf
256,9,100.0,admit.pdf
256,11,100.0,eat.pdf
256,12,100.0,us.pdf
256,13,100.0,decide.pdf
256,18,100.0,occur.pdf
256,21,100.0,some.pdf
256,24,100.0,argue.pdf
256,24,100.0,police.pdf
257,9,100.0,support.pdf
257,16,100.0,this.pdf
257,21,100.0,avoid.pdf
257,24,100.0,risk.pdf
257,25,100.0,available.pdf
257,25,100.0,develop.pdf
258,2,100.0,cause.pdf
258,2,100.0,success.pdf
258,12,100.0,movie.pdf
258,13,100.0,analysis.pdf
258,21,100.0,recognize.pdf
258,25,100.0,television.pdf
258,29,100.0,around.pdf
259,1,100.0,maybe.pdf
259,1,100.0,half.pdf
259,3,100.0,prove.pdf
259,16,100.0,baby.pdf
259,28,100.0,middle.pdf
259,28,100.0,whatever.pdf
260,1,100.0,perhaps.pdf
260,7,100.0,skin.pdf
260,9,100.0,ability.pdf
260,9,100.0,design.pdf
260,11,100.0,clearly.pdf
260,14,100.0,face.pdf
260,16,100.0,foot.pdf
260,19,100.0,remember.pdf
260,24,100.0,social.pdf
260,27,100.0,part.pdf
261,3,100.0,road.pdf
261,5,100.0,likely.pdf
261,10,100.0,suddenly.pdf
261,16,100.0,behavior.pdf
261,16,100.0,ask.pdf
261,17,100.0,sell.pdf
261,17,100.0,her.pdf
261,18,100.0,guess.pdf
262,1,100.0,whatever.pdf
262,2,100.0,season.pdf
262,27,100.0,side.pdf
263,4,100.0,trade.pdf
263,12,100.0,trouble.pdf
263,13,100.0,no.pdf
263,13,100.0,state.pdf
263,13,100.0,past.pdf
263,16,100.0,blood.pdf
263,19,100.0,government.pdf
263,20,100.0,peace.pdf
263,22,100.0,safe.pdf
263,25,100.0,performance.pdf
263,28,100.0,eight.pdf
264,2,100.0,interesting.pdf
264,2,100.0,specific.pdf
264,5,100.0,reveal.pdf
264,5,100.0,structure.pdf
264,8,100.0,allow.pdf
264,14,100.0,concern.pdf
264,16,100.0,remember.pdf
264,24,100.0,including.pdf
264,25,100.0,view.pdf
265,2,100.0,friend.pdf
265,3,100.0,around.pdf
265,5,100.0,material.pdf
265,9,100.0,my.pdf
265,10,100.0,check.pdf
265,12,100.0,decision.pdf
265,12,100.0,his.pdf
265,13,100.0,crime.pdf
265,17,100.0,low.pdf
265,20,100.0,also.pdf
265,23,100.0,later.pdf
265,23,100.0,word.pdf
265,24,100.0,only.pdf
266,1,100.0,tell.pdf
266,1,100.0,American.pdf
266,3,100.0,relate.pdf
266,4,100.0,but.pdf
266,6,100.0,issue.pdf
266,9,100.0,size.pdf
266,10,100.0,through.pdf
266,16,100.0,particular.pdf
266,17,100.0,expert.pdf
266,20,100.0,medical.pdf
267,3,100.0,resource.pdf
267,4,100.0,read.pdf
267,8,100.0,area.pdf
267,11,100.0,activity.pdf
267,12,100.0,mouth.pdf
267,16,100.0,capital.pdf
267,23,100.0,none.pdf
267,24,100.0,home.pdf
267,25,100.0,of.pdf
268,1,100.0,power.pdf
268,2,100.0,even.pdf
268,2,100.0,politics.pdf
268,3,100.0,program.pdf
268,13,100.0,summer.pdf
268,17,100.0,often.pdf
268,17,100.0,war.pdf
268,22,100.0,billion.pdf
268,23,100.0,final.pdf
268,26,100.0,network.pdf
268,29,100.0,art.pdf
269,1,100.0,gun.pdf
269,4,100.0,ok.pdf
269,7,100.0,parent.pdf
269,8,100.0,beat.pdf
269,19,100.0,speech.pdf
269,26,100.0,suddenly.pdf
269,28,100.0,stage.pdf
270,5,100.0,major.pdf
270,9,100.0,in.pdf
270,10,100.0,Mrs.pdf
270,14,100.0,compare.pdf
270,16,100.0,within.pdf
270,16,100.0,music.pdf
270,27,100.0,ten.pdf
271,4,100.0,note.pdf
271,5,100.0,begin.pdf
271,6,100.0,near.pdf
271,8,100.0,station.pdf
271,12,100.0,give.pdf
271,13,100.0,send.pdf
271,16,100.0,perform.pdf
271,23,100.0,rather.pdf
271,27,100.0,major.pdf
271,30,100.0,management.pdf
272,5,100.0,new.pdf
272,9,100.0,far.pdf
272,17,100.0,foot.pdf
272,18,100.0,chance.pdf
272,23,100.0,budget.pdf
272,25,100.0,history.pdf
272,27,100.0,us.pdf
272,29,100.0,blood.pdf
272,30,100.0,professional.pdf
273,1,100.0,follow.pdf
273,13,100.0,quite.pdf
273,15,100.0,almost.pdf
273,18,100.0,apply.pdf
273,21,100.0,issue.pdf
273,24,100.0,lose.pdf
273,24,100.0,memory.pdf
273,28,100.0,some.pdf
274,1,100.0,claim.pdf
274,1,100.0,mean.pdf
274,4,100.0,ball.pdf
274,12,100.0,money.pdf
274,12,100.0,never.pdf
274,13,100.0,wind.pdf
274,14,100.0,market.pdf
274,15,100.0,know.pdf
274,16,100.0,kind.pdf
274,17,100.0,through.pdf
275,1,100.0,environment.pdf
275,2,100.0,popular.pdf
275,3,100.0,matter.pdf
275,3,100.0,team.pdf
275,5,100.0,gas.pdf
275,6,100.0,property.pdf
275,13,100.0,expert.pdf
275,13,100.0,financial.pdf
275,13,100.0,loss.pdf
275,13,100.0,two.pdf
275,18,100.0,than.pdf
275,21,100.0,eye.pdf
275,24,100.0,it.pdf
275,26,100.0,see.pdf
275,28,100.0,its.pdf
275,28,100.0,concern.pdf
276,1,100.0,coach.pdf
276,1,100.0,certain.pdf
276,2,100.0,power.pdf
276,7,100.0,ago.pdf
276,12,100.0,media.pdf
276,12,100.0,security.pdf
276,15,100.0,likely.pdf
276,17,100.0,choose.pdf
276,17,100.0,point.pdf
276,19,100.0,study.pdf
276,24,100.0,fly.pdf
276,24,100.0,capital.pdf
277,1,100.0,he.pdf
277,1,100.0,wall.pdf
277,1,100.0,week.pdf
277,5,100.0,around.pdf
277,10,100.0,person.pdf
277,12,100.0,majority.pdf
277,17,100.0,hope.pdf
277,23,100.0,throw.pdf
277,29,100.0,example.pdf
277,30,100.0,find.pdf
278,1,100.0,sing.pdf
278,3,100.0,candidate.pdf
278,3,100.0,record.pdf
278,3,100.0,office.pdf
278,5,100.0,police.pdf
278,9,100.0,them.pdf
278,16,100.0,life.pdf
278,18,100.0,deep.pdf
278,21,100.0,others.pdf
278,30,100.0,would.pdf
279,2,100.0,money.pdf
279,6,100.0,write.pdf
279,9,100.0,buy.pdf
279,13,100.0,teach.pdf
279,18,100.0,brother.pdf
279,21,100.0,address.pdf
279,24,100.0,series.pdf
279,24,100.0,represent.pdf
279,25,100.0,Republican.pdf
279,28,100.0,probably.pdf
280,7,100.0,least.pdf
280,8,100.0,year.pdf
280,9,100.0,value.pdf
280,9,100.0,time.pdf
280,12,100.0,know.pdf
280,13,100.0,however.pdf
280,14,100.0,maybe.pdf
280,17,100.0,bad.pdf
280,23,100.0,hope.pdf
280,25,100.0,light.pdf
280,25,100.0,history.pdf
280,25,100.0,the.pdf
280,27,100.0,in.pdf
280,28,100.0,happy.pdf
280,29,100.0,be.pdf
281,9,100.0,game.pdf
281,12,100.0,movie.pdf
281,12,100.0,yourself.pdf
281,14,100.0,hotel.pdf
281,22,100.0,rise.pdf
281,24,100.0,should.pdf
281,29,100.0,perhaps.pdf
282,1,100.0,issue.pdf
282,5,100.0,need.pdf
282,8,100.0,story.pdf
282,9,100.0,teach.pdf
282,12,100.0,rather.pdf
282,22,100.0,suggest.pdf
282,22,100.0,high.pdf
282,23,100.0,determine.pdf
282,23,100.0,simple.pdf
282,24,100.0,attorney.pdf
282,28,100.0,full.pdf
283,1,100.0,effort.pdf
283,6,100.0,same.pdf
283,9,100.0,control.pdf
283,10,100.0,country.pdf
283,16,100.0,door.pdf
283,22,100.0,radio.pdf
283,25,100.0,quality.pdf
284,1,100.0,north.pdf
284,5,100.0,reality.pdf
284,7,100.0,leader.pdf
284,11,100.0,meeting.pdf
284,17,100.0,yet.pdf
284,24,100.0,tax.pdf
284,26,100.0,particular.pdf
284,28,100.0,which.pdf
284,28,100.0,small.pdf
285,12,100.0,power.pdf
285,13,100.0,amount.pdf
285,15,100.0,energy.pdf
285,18,100.0,ok.pdf
285,20,100.0,and.pdf
285,22,100.0,various.pdf
286,1,100.0,reason.pdf
286,2,100.0,detail.pdf
286,4,100.0,sure.pdf
286,9,100.0,look.pdf
286,12,100.0,four.pdf
286,16,100.0,set.pdf
286,18,100.0,guy.pdf
286,25,100.0,population.pdf
286,26,100.0,as.pdf
286,27,100.0,heart.pdf
286,28,100.0,wide.pdf
287,1,100.0,single.pdf
287,3,100.0,body.pdf
287,5,100.0,minute.pdf
287,9,100.0,gas.pdf
287,24,100.0,decide.pdf
287,24,100.0,event.pdf
287,28,100.0,page.pdf
288,2,100.0,lawyer.pdf
288,2,100.0,reason.pdf
288,2,100.0,fall.pdf
288,3,100.0,glass.pdf
288,20,100.0,cause.pdf
288,24,100.0,action.pdf
289,2,100.0,easy.pdf
289,5,100.0,method.pdf
289,9,100.0,whatever.pdf
289,9,100.0,newspaper.pdf
289,16,100.0,tell.pdf
289,17,100.0,sign.pdf
289,22,100.0,agent.pdf
289,24,100.0,phone.pdf
289,28,100.0,let.pdf
289,29,100.0,more.pdf
290,3,100.0,teach.pdf
290,5,100.0,make.pdf
290,9,100.0,Democrat.pdf
290,10,100.0,follow.pdf
290,16,100.0,commercial.pdf
290,18,100.0,reflect.pdf
290,20,100.0,hot.pdf
290,29,100.0,within.pdf
291,6,100.0,success.pdf
291,20,100.0,foot.pdf
291,20,100.0,today.pdf
291,23,100.0,smile.pdf
291,24,100.0,official.pdf
291,30,100.0,final.pdf
292,5,100.0,two.pdf
292,8,100.0,general.pdf
292,12,100.0,anyone.pdf
292,14,100.0,their.pdf
292,17,100.0,sit.pdf
292,28,100.0,might.pdf
292,28,100.0,color.pdf
292,28,100.0,teach.pdf
292,29,100.0,trouble.pdf
292,29,100.0,decade.pdf
293,7,100.0,door.pdf
293,8,100.0,customer.pdf
293,18,100.0,whole.pdf
293,24,100.0,her.pdf
293,28,100.0,know.pdf
293,28,100.0,church.pdf
294,3,100.0,we.pdf
294,3,100.0,simply.pdf
294,4,100.0,fear.pdf
294,13,100.0,discussion.pdf
294,19,100.0,beyond.pdf
294,21,100.0,truth.pdf
294,23,100.0,few.pdf
295,1,100.0,yeah.pdf
295,1,100.0,to.pdf
295,1,100.0,and.pdf
295,2,100.0,interview.pdf
295,9,100.0,commercial.pdf
295,12,100.0,space.pdf
295,15,100.0,story.pdf
295,20,100.0,always.pdf
295,25,100.0,event.pdf
295,26,100.0,until.pdf
295,28,100.0,agreement.pdf
295,28,100.0,sense.pdf
296,1,100.0,north.pdf
296,3,100.0,sure.pdf
296,3,100.0,around.pdf
296,6,100.0,her.pdf
296,9,100.0,source.pdf
296,12,100.0,institution.pdf
296,12,100.0,only.pdf
296,16,100.0,ask.pdf
296,17,100.0,per.pdf
296,18,100.0,thousand.pdf
296,19,100.0,movement.pdf
296,22,100.0,plant.pdf
296,24,100.0,college.pdf
296,25,100.0,though.pdf
296,26,100.0,on.pdf
296,28,100.0,imagine.pdf
297,3,100.0,force.pdf
297,3,100.0,specific.pdf
297,22,100.0,recently.pdf
297,25,100.0,standard.pdf
297,28,100.0,well.pdf
297,28,100.0,nation.pdf
298,5,100.0,laugh.pdf
298,17,100.0,picture.pdf
298,18,100.0,father.pdf
298,19,100.0,fine.pdf
298,21,100.0,push.pdf
298,23,100.0,kitchen.pdf
298,25,100.0,million.pdf
298,29,100.0,career.pdf
299,2,100.0,animal.pdf
299,2,100.0,property.pdf
299,9,100.0,artist.pdf
299,11,100.0,less.pdf
299,11,100.0,this.pdf
299,15,100.0,and.pdf
299,17,100.0,trade.pdf
299,27,100.0,establish.pdf
299,28,100.0,civil.pdf
299,29,100.0,down.pdf
299,30,100.0,present.pdf
300,8,100.0,choice.pdf
300,16,100.0,make.pdf
300,17,100.0,style.pdf
300,20,100.0,society.pdf
300,21,100.0,front.pdf
300,24,100.0,head.pdf
300,25,100.0,television.pdf
300,30,100.0,half.pdf
