id,name,mail,role,designationId,sex,experience,joindate,hashedpassword
1,Christie Montgomery,carolinecharles@example.com,employee,1,f,0,2023-12-29,H2Ctqv6Z@b
2,Monique Hughes,stephanie09@example.com,employee,1,f,18,2018-05-17,4y)*QNO&)5
3,Alexandra Vega,bperez@example.net,employee,1,m,4,2017-04-17,_!8IMvgo2D
4,Jonathan Marquez,bensoncarolyn@example.com,employee,1,f,1,2020-09-24,_h6XBmhZ+R
5,Michael Perez,cstafford@example.org,employee,1,m,7,2020-02-09,24aXGJ5n%V
6,Angela Fernandez,amybrown@example.net,employee,1,m,17,2020-04-07,G!1eJs$o@p
7,David Cisneros,aprilmiranda@example.com,employee,1,f,15,2018-03-31,3+99^Z3xA0
8,Dominique Hill,theresa86@example.com,employee,1,m,12,2020-09-22,j9hLsMef_l
9,Kenneth Campbell,tjensen@example.com,employee,1,m,1,2018-07-04,_4YLkpDEOP
10,Randall Garcia,nlindsey@example.com,employee,1,f,17,2021-06-14,c61EnjP7W(
11,Adam Warren,sbaker@example.org,employee,1,f,2,2020-12-31,6@36PR2c%6
12,Billy Blevins,shawn09@example.org,employee,1,m,12,2024-01-21,H_j5j1NqFY
13,Gary Henderson,powellmark@example.net,employee,1,f,14,2020-12-13,R$0TSyTQJR
14,Philip Smith,lisa75@example.net,employee,1,f,1,2018-09-25,4n6fAYDl^n
15,Joshua Hardin,jonesrobert@example.org,employee,1,f,3,2018-04-12,^A%h75MmC!
16,Melissa Nunez MD,wjordan@example.net,employee,1,m,20,2022-11-09,I*i8Vjy9AY
17,Spencer Anderson,jclayton@example.net,employee,1,f,14,2017-12-22,RMF3Zp7t)9
18,Robert Johnson,ulittle@example.com,employee,1,m,16,2022-08-31,G!m5C1jO@K
19,Antonio Hawkins,martinezpedro@example.com,employee,1,m,4,2023-03-21,3u0J#r5H#3
20,Rachel Cruz,jacksonroy@example.com,employee,1,f,10,2024-08-27,PJ*P0iAa&2
21,Jeffrey Long,tonyrojas@example.org,employee,1,m,6,2019-04-17,b(j!9Etob)
22,Wendy Warner,joshuawiley@example.org,employee,1,m,11,2019-04-26,#d$JqO*@)1
23,Whitney Miller,stacey50@example.com,employee,1,f,13,2023-09-13,()1h78czOD
24,Danielle Gilmore,mary89@example.org,employee,1,m,15,2023-12-08,#*pI!e#M1M
25,Alexis Preston MD,willisdavid@example.org,employee,1,m,14,2020-05-16,7hj5zdBq_c
26,Emily Hardy,heathermejia@example.org,employee,1,f,16,2022-05-23,kx$M2kzd*1
27,Christina Wright,vjensen@example.org,employee,1,f,16,2017-05-20,EQWI60Zj%i
28,Holly King,erik98@example.com,employee,1,f,15,2019-03-28,Rp8JzOKw2&
29,Lauren Brown,steven78@example.com,employee,1,f,8,2023-10-30,*NCX8Yff87
30,Donna Brown,meganwillis@example.net,employee,1,f,2,2020-03-25,(ZUW90i)0P
31,Dr. William Williams DDS,kirkelizabeth@example.com,employee,1,m,6,2020-05-27,*VHZm^PO6D
32,Laura Davis,qmyers@example.net,employee,1,f,12,2018-09-19,$TUdT(yi74
33,Ms. Kim Houston,hoffmanjill@example.org,employee,1,f,20,2019-12-16,^jX9EqKo_m
34,Mark Jones,angie03@example.org,employee,1,f,5,2024-01-19,0ZV*42Nhj)
35,Christopher Jackson,richardgill@example.com,employee,1,m,16,2020-07-26,_iE4PZLh)X
36,John Warren,vanessa37@example.com,employee,1,m,4,2023-09-13,&_AvE*C7x0
37,Cheryl Nichols,ugray@example.com,employee,1,m,1,2016-12-17,(JXZkdxw9B
38,Jonathan Christian,kevinperry@example.net,employee,1,m,9,2021-04-03,P7JsjJ5b$5
39,Anthony Rios,jacqueline87@example.org,employee,1,m,1,2021-03-02,qG#5Yjpe#X
40,Gerald Booker,dreynolds@example.org,employee,1,f,1,2022-02-06,s5vV1%m9!c
41,Nicholas Larsen,wendy01@example.org,employee,1,m,12,2020-02-16,)MOAuj8p0V
42,Christopher Macias,sarahwong@example.org,employee,1,m,9,2023-03-15,L!*$!2EsB(
43,Roberta Lloyd,fordwilliam@example.net,employee,1,f,16,2024-05-13,@MR&0rvSm7
44,Mr. Bruce Dennis,omcbride@example.com,employee,1,f,12,2023-01-09,(1XSQT4iE+
45,Sherry Brown,thomas70@example.com,employee,1,m,11,2020-11-14,Pd0J2KMvS&
46,Kristen Shepherd,dustin32@example.com,employee,1,f,7,2020-09-20,)KW6Y9x^@X
47,Michael Hickman,andrew88@example.org,employee,1,m,7,2022-05-16,(5LRe)9qoh
48,Marissa Rodriguez,ericalopez@example.com,employee,1,m,20,2018-04-19,+1Zaashqd0
49,Brenda Arnold,austinochoa@example.org,employee,1,f,7,2020-01-15,8H+_7xVanC
50,Jose English,cookeangie@example.org,employee,1,m,19,2017-07-02,%0iDDu2e73
51,Gabriella Stewart,kylerodriguez@example.net,employee,1,m,11,2023-06-08,^ar1LUKbRL
52,Lori Hester,mendozamichael@example.net,employee,1,m,2,2019-09-16,!l0QT2AlmA
53,Stacy Butler,krystalanderson@example.com,employee,1,f,15,2023-01-14,d0B)s(tq_j
54,Peter Lewis,clloyd@example.net,employee,1,f,7,2024-08-23,+J2I5uZ8wv
55,Kristin Jensen,arogers@example.org,employee,1,f,12,2023-09-28,&r7!ZO_mw*
56,Kelly Reeves,angela01@example.net,employee,1,m,4,2019-11-30,!Q1ZSb!Xc@
57,Michael Friedman,beth40@example.net,employee,1,f,2,2022-02-01,(#NK59QIh2
58,Cassandra Gonzales,timothy41@example.org,employee,1,m,14,2018-07-31,Td)@90TbOp
59,Brian Martinez,yjones@example.com,employee,1,f,18,2023-06-20,&gZ01DCaX&
60,Lynn Wolf,shawnaknox@example.com,employee,1,f,16,2019-11-04,t3P&x1e@)J
61,Lori Mercer,todd77@example.com,employee,1,m,12,2023-10-18,xZ1mabXl+w
62,David Shaw DDS,angela85@example.com,employee,1,f,12,2023-11-28,&TEyiHvbt2
63,Donald Bush,tamara87@example.com,employee,1,f,17,2017-01-12,!6Bk#JLdn3
64,Brittany Smith,tamara08@example.net,employee,1,f,20,2020-08-22,%dFN5Ts$4$
65,Craig Fuentes,uknight@example.com,employee,1,m,16,2022-09-18,Mm6EUuwX@)
66,Michele Hale,anthonyperry@example.com,employee,1,f,16,2022-11-13,(ffCo6Ypl1
67,Benjamin Skinner,richardscott@example.com,employee,1,f,12,2019-07-28,Kn8FM42RJ_
68,Tammy Villanueva,andrewlarson@example.com,employee,1,m,0,2022-06-18,!mR1IKrZc6
69,Connie Wolfe,esimmons@example.com,employee,1,m,15,2019-03-17,n1(F2eZe#D
70,Amy Guzman,jacobsmelinda@example.net,employee,1,f,13,2019-03-07,j@7^FUpB%E
71,Alyssa Collins,sheadanny@example.org,employee,1,f,3,2020-01-01,^5qHfn5RJ7
72,Gabrielle Smith,delacruzaustin@example.com,employee,1,m,13,2022-03-30,!H1O7HLdH9
73,Ann Underwood,tarnold@example.com,employee,1,m,15,2024-09-11,IJ*P3HMtWd
74,Michael Frazier,vfoster@example.net,employee,1,m,1,2022-01-19,J#8#Cbtr_%
75,Stanley Anderson,ashley29@example.com,employee,1,f,2,2018-09-27,(6uQ#FOeq9
76,Katherine Williams,sarahwilson@example.net,employee,1,m,14,2020-07-21,2ofz#PGU)7
77,Denise Acosta,christinaschultz@example.com,employee,1,m,6,2020-12-19,c_#0@TLgfB
78,Michele Perry,nrojas@example.net,employee,1,f,1,2022-09-04,nlP2SiRi@3
79,Sergio Baker,sanchezjackson@example.org,employee,1,f,3,2019-09-28,Qly2BEcM7^
80,Melissa Burgess,simssara@example.org,employee,1,m,10,2020-09-15,7UoB%l#e_L
81,Malik Becker,bcollins@example.org,employee,1,f,3,2018-11-26,mc2bUqe)+(
82,Matthew Huang,hickseduardo@example.org,employee,1,m,12,2021-07-24,)ZMd@BqVC8
83,Tara Johnson,derek43@example.net,employee,1,m,8,2022-03-07,(oPsDFFjk5
84,Mr. Mark Schneider,susan66@example.org,employee,1,m,16,2024-09-23,#*OvCuQt8P
85,Julie Matthews,vbuchanan@example.net,employee,1,f,11,2022-03-02,3C50)DdTn%
86,William Tran,gbridges@example.com,employee,1,m,6,2020-02-28,6r+g#5RkLe
87,Amanda Peters MD,millerjohn@example.com,employee,1,m,17,2024-08-12,H5L4ixKh_z
88,Lynn Stone,floreschristopher@example.com,employee,1,f,6,2024-05-13,TN&n1NpoV#
89,Daniel Hall,mpugh@example.org,employee,1,m,7,2022-08-10,j7pJ2JUtS^
90,Thomas Herrera,emccall@example.com,employee,1,f,19,2020-08-17,)q6FJvQ7+^
91,Jason Wong,barnesgerald@example.org,employee,1,m,0,2022-01-05,02$KzZSG#!
92,Casey Ruiz,sbowman@example.org,employee,1,m,19,2022-03-09,HLH+9XJp)q
93,Devin Wilson,caroline87@example.com,employee,1,f,14,2022-10-16,84m$8P0gTz
94,Jason Fields,jeffreyhodge@example.org,employee,1,m,0,2021-07-26,p3KZx5oR&W
95,Susan Hansen,nancymiller@example.net,employee,1,f,11,2018-09-21,)71bGp4aZk
96,Jamie Tyler,angelaaustin@example.org,employee,1,f,6,2022-09-10,gmR6QJt@c#
97,Kathleen Terry,sullivanjulie@example.org,employee,1,m,1,2020-08-02,43U1GPpe%H
98,Emily Williamson,amandasmith@example.com,employee,1,f,8,2018-05-15,3)4YjzLdv3
99,Sean Meyer,susan23@example.com,employee,1,f,20,2020-08-31,uJW2%cwvL+
100,Lisa Daniels,barnetteric@example.org,employee,1,f,20,2016-11-22,y*g44)AtE#
101,Arthur Villanueva,emilysims@example.net,employee,2,f,5,2021-07-04,032Io1z72+
102,Melissa Brown,gonzalesnicholas@example.net,employee,2,f,20,2024-04-29,9vM9nWh_%p
103,Shawn Fields,njackson@example.com,employee,2,f,11,2017-03-22,ni1C)tWY#1
104,Beth Johnson,gpatterson@example.net,employee,2,f,18,2021-09-23,3F6(NTBf!n
105,Chad Jacobs,eric39@example.net,employee,2,f,2,2019-03-15,4*R(tyul&x
106,Donald Preston,krobinson@example.net,employee,2,m,15,2020-09-22,1^z)4fC#qs
107,Michael Zimmerman,garciaamanda@example.com,employee,2,m,13,2019-10-31,K6L0eTg(_4
108,Mr. Theodore Carpenter Jr.,qboyd@example.org,employee,2,f,15,2016-10-26,v_1QszEJuj
109,Alyssa Morrison,iwebb@example.org,employee,2,m,6,2020-05-28,&6xB_$Bz%G
110,Dr. Marissa Reyes DDS,bowendaniel@example.com,employee,2,m,15,2022-09-10,)w$#RcmRL8
111,Angela Macias,bryan91@example.net,employee,2,m,6,2016-11-01,W#3Io&tB2T
112,Julie Brown,woodsrobert@example.org,employee,2,m,17,2020-09-05,l1KY9PqT(5
113,Veronica Miller,matthew21@example.net,employee,2,m,9,2019-04-16,z49MGKwi%M
114,April Simmons,wendy38@example.org,employee,2,m,18,2021-01-19,)zoXy7qk9k
115,Debra Holland,thomas60@example.org,employee,2,f,20,2021-05-15,!%35+JRsde
116,Nicole Garcia,cathy19@example.net,employee,2,m,3,2020-05-18,%Lg97In1x7
117,Ashlee Lopez,burnsashley@example.org,employee,2,f,8,2017-05-30,*8GQTm(dfg
118,Jose Morgan,rhumphrey@example.net,employee,2,m,13,2020-03-22,@l0YFNkGg4
119,Timothy Yoder,omiller@example.com,employee,2,m,5,2023-04-01,%5nQtkFT(h
120,Kenneth Mcmahon,michael31@example.org,employee,2,m,11,2021-08-30,p#Ju8HoUtN
121,Rebecca Davis,angelaguzman@example.net,employee,2,m,10,2021-01-11,!7NBEA28Qi
122,Joseph Burns,tcarlson@example.net,employee,2,m,7,2019-12-14,Q4oSImtY)N
123,Shawn Ortiz,amberhall@example.com,employee,2,f,7,2020-03-15,*lq20Gst2r
124,Corey Webb,rosemaria@example.org,employee,2,f,10,2023-12-05,U3YJqrJb@3
125,Jon Holmes,bryanwilliams@example.org,employee,2,f,20,2018-02-27,#q$SL!*$+9
126,Amanda Klein,sandraruiz@example.org,employee,2,f,0,2021-11-24,Z9G4FRBy@7
127,Crystal Levine,jessica75@example.org,employee,2,f,19,2017-06-26,F56yEPli_+
128,Melanie Lewis,kellismith@example.org,employee,2,f,14,2018-04-14,*5Ji6)VHlH
129,Joshua Gonzales,acastro@example.com,employee,2,m,19,2021-03-14,UJ3Zqkhi&x
130,Maria Smith,mchoi@example.com,employee,2,f,15,2024-03-04,U9CFlJzJ^I
131,Kevin Murray,sean61@example.net,employee,2,m,17,2022-04-05,(Jf@LZpmY4
132,Cameron Burnett,sharrell@example.org,employee,2,m,10,2022-12-01,_jGr2aDp7w
133,Tiffany Soto,nicoleanderson@example.org,employee,2,m,16,2023-10-18,($Lp4BBk4y
134,Kristy Cameron,eileen01@example.net,employee,2,m,17,2019-12-13,i16PxiXj%M
135,Rhonda Roberts,leelarry@example.com,employee,2,f,16,2023-08-26,qX1LSwt*X^
136,Nicolas Castillo,lgardner@example.net,employee,2,m,1,2018-10-21,+ldj4V^qNC
137,Jesse Rios,tonya34@example.org,employee,2,f,4,2020-04-04,rk7TpdYw+S
138,Logan Bennett,amandahall@example.com,employee,2,m,15,2022-03-20,G)694FxaoG
139,Betty Lee,alyssa88@example.org,employee,2,m,8,2018-01-05,3E1pTM&h_B
140,Caitlin Hernandez,melissawheeler@example.com,employee,2,f,13,2022-10-30,)9FECTxp5h
141,Mark Craig,scottmary@example.net,employee,2,m,20,2024-09-26,$pQ3sXauD8
142,Mark Roberts,lawsonbrian@example.com,employee,2,f,14,2017-09-19,&3tKs(olLY
143,Beverly Williams,stevelawrence@example.org,employee,2,m,9,2016-11-08,3@3N9XsLKV
144,Samantha Smith,lori79@example.com,employee,2,m,8,2022-11-09,$+LCvXRa8d
145,Rebecca Miles,margaret54@example.net,employee,2,m,3,2021-08-12,9#ux7FGu$6
146,Jacqueline Santos,larryking@example.com,employee,2,m,16,2017-06-05,_462CxqC)z
147,Amy Beltran,joseph14@example.net,employee,2,f,10,2018-09-06,(9sQT8iM@(
148,Michael Ward,gellis@example.com,employee,2,m,20,2019-09-18,D8PAlJ3Y&R
149,Laurie Fernandez,james38@example.org,employee,2,m,8,2017-04-24,y)8zvXiHYt
150,Curtis Gonzalez,ebell@example.org,employee,2,m,16,2023-11-09,5z7diCEw*1
151,Melanie Weaver,paula93@example.org,employee,2,m,15,2019-01-16,ZLp7HiuX)u
152,Alan Edwards,sharonhernandez@example.com,employee,2,f,0,2023-03-09,%tdGnn#74H
153,Gilbert Dean,vickiesanchez@example.org,employee,2,f,7,2022-12-19,tK7EMgFtb@
154,William West,kennedydaniel@example.net,employee,2,f,3,2023-01-19,_u0GjgDno!
155,Alex Jensen PhD,sarah42@example.com,employee,2,f,4,2021-09-06,!PqOJb$zw2
156,Bobby Brown,ucantrell@example.org,employee,2,f,6,2020-04-05,M9O9AfPiN_
157,Linda Brown,thomasmichelle@example.net,employee,2,f,6,2022-08-08,5^8Nq4rqvO
158,John Wilson,baileyjacob@example.net,employee,2,m,14,2022-01-14,H0poVKkq#&
159,Jennifer Parker,ijohnson@example.net,employee,2,f,12,2023-05-01,i$N5bHV6)0
160,Justin Richards,kristendennis@example.com,employee,2,f,8,2017-06-22,6LWD3LnMY^
161,Kaitlin Smith,william23@example.org,employee,2,m,9,2023-09-05,OvUB!e@Q+6
162,Richard Yang,john37@example.net,employee,2,f,2,2020-06-07,8d&03G@28$
163,James Sullivan,devin37@example.net,employee,2,m,12,2020-03-26,@3DEnn%rYU
164,Katelyn Ellis,ophillips@example.net,employee,2,f,20,2020-10-29,Z*J7Cjwkcl
165,Ronald Jordan,reevesalexander@example.net,employee,2,f,17,2018-07-12,_iJoZn4k(7
166,Matthew Joyce,hmiller@example.org,employee,2,f,2,2023-12-08,+1Ebi%1RrQ
167,Kevin Murillo DVM,douglasthompson@example.com,employee,2,f,6,2017-02-12,5$Ogxy7T#Q
168,Edward Crawford,theresa68@example.org,employee,2,m,15,2018-02-25,8$%3OaEdHl
169,Brooke Davidson,garrettkevin@example.net,employee,2,m,8,2023-09-29,)e)&5MNk8v
170,Donald Burton,wmays@example.com,employee,2,f,14,2024-09-08,3jKn54ht!5
171,Sydney Flynn,fullercassandra@example.com,employee,3,m,13,2022-08-20,U_33ivMTWh
172,Robert Jackson,jcook@example.org,employee,3,f,2,2019-02-16,+(B1T*joef
173,Kyle Washington,davidzimmerman@example.org,employee,3,m,15,2017-12-05,*mGoXqx(o2
174,Scott Green,hammondmary@example.com,employee,3,m,14,2021-09-16,S@)W(1Hc2J
175,Julie Deleon,ealexander@example.org,employee,3,f,0,2024-07-16,B#5kJ!&tH&
176,Michelle Mcdaniel,cflores@example.com,employee,3,f,16,2023-06-17,15a^63DqFP
177,Michelle Hicks,jjohnson@example.com,employee,3,f,16,2022-08-23,J5(O0Vi&^e
178,Corey Page,wongjudy@example.org,employee,3,m,14,2019-12-15,&1IGx2qbel
179,Jennifer Patrick,jeff25@example.com,employee,3,f,16,2020-10-26,!Y#XKr6yG0
180,Robert Haas,kwashington@example.org,employee,3,f,3,2023-04-24,$6tVW%Wtzd
181,Danielle Moore,cartermichael@example.org,employee,3,m,1,2022-07-31,p2$$3UAq^Y
182,William Davis,vaughanpamela@example.net,employee,3,f,8,2023-07-09,(0dEehW1y8
183,Glen Gay,sandersamber@example.com,employee,3,f,2,2023-03-04,i&89oPqOo$
184,Peter Bolton,john70@example.net,employee,3,f,19,2017-09-09,%eVVdEu83&
185,Daniel Pineda,keith48@example.com,employee,3,m,13,2023-06-13,r*#I6NQh*s
186,James Lyons,brennanwilliam@example.com,employee,3,m,11,2023-02-04,6%MJ85Ck*a
187,Jennifer Garcia,davissandra@example.net,employee,3,f,9,2021-03-14,evU4%DffD&
188,Katherine Morales,amandapowers@example.com,employee,3,m,7,2016-12-03,*Orl)xNk44
189,Heather Charles,qwright@example.org,employee,3,m,4,2024-08-04,Fy46vRPQB@
190,Jessica Dunn,mooreclaudia@example.org,employee,3,f,19,2019-10-10,(!1uPJjwyy
191,Jeffery Fletcher,davidweaver@example.net,employee,3,m,17,2017-12-10,v_N9NvkN@k
192,Dr. Victoria Martinez,javierfuller@example.org,employee,3,f,10,2022-10-23,@^L63RKu9W
193,Natalie Rowland,jwilliams@example.net,employee,3,f,10,2018-06-09,4L$2SsY()u
194,Shelly Hill,jamesdunlap@example.com,employee,3,f,8,2024-09-15,$s9iM)bVoq
195,Mark Allen,lauren73@example.com,employee,3,m,19,2020-06-26,*myJZ)p(g7
196,Mary Wang,johnsonlori@example.com,employee,3,m,1,2018-08-30,#4HlcP1ho2
197,Mark Bowman,richardsonlarry@example.com,employee,3,m,14,2017-06-01,s@pt7MyrzI
198,Melissa Floyd,hardincharles@example.com,employee,3,f,14,2023-08-24,*7wXFJui2Y
199,Barbara Calderon,tbowman@example.com,employee,3,m,20,2017-01-04,_4I8TIZqSB
200,Jennifer Oliver,garciasean@example.net,employee,3,f,11,2021-01-05,i9IDrk@((h
201,Timothy Wheeler,stephenmathews@example.org,employee,3,m,1,2020-12-11,()M^JUs+j2
202,Sonya Brown,amygarcia@example.net,employee,3,m,9,2023-02-12,+F7OTRgWLy
203,Megan Smith,sallyperez@example.net,employee,3,m,9,2022-08-11,kM6Qy!xm)I
204,Derrick Martinez,erin14@example.org,employee,3,m,6,2024-07-06,W#(5Dy4Gqo
205,Richard Schultz,hillstacy@example.com,employee,3,f,17,2021-11-28,H$4ObNZi_J
206,Elizabeth Barrett,jasmine58@example.org,employee,3,m,19,2017-09-19,T0vHTO9o*m
207,Patricia Beasley,teresa68@example.net,employee,3,f,6,2018-02-17,e*0)ZByw!V
208,Dwayne Hatfield,rwood@example.org,employee,3,m,11,2021-06-26,_7p8PPj!A6
209,Teresa Martinez,barbaramiller@example.net,employee,3,f,0,2019-02-08,UK$cA8Yf@P
210,Shannon Black,diane66@example.org,employee,3,m,16,2024-08-21,&^p2%KZr*0
211,Jason Parker,iford@example.net,employee,3,f,13,2018-11-02,^kdYnFywW3
212,John Patterson,sarahjacobson@example.org,employee,3,f,16,2023-04-17,(pLzY4H*t6
213,Alicia West,steven83@example.net,employee,3,f,10,2023-02-03,8KF51Lvf*l
214,Luis Scott,nancy98@example.net,employee,3,m,0,2023-06-28,6jdQr9Aa$H
215,Nicholas Osborne,aaron45@example.net,employee,3,m,19,2022-12-18,K9B+@BpE)2
216,Dr. Bethany Henderson,melissa85@example.com,employee,4,m,13,2018-06-27,sfX+HrlA+3
217,Heather Holloway,newmanjesse@example.org,employee,4,f,12,2022-08-14,eI37nGzg)#
218,Donald Taylor,meghan86@example.com,employee,4,m,17,2023-10-15,)jZfbo)vb1
219,Maria Caldwell,jasonbarnett@example.com,employee,4,m,11,2021-11-24,04AjL(Tr#4
220,Shelby Myers,landersen@example.com,employee,4,m,14,2018-09-25,_8LKEKGgBU
221,Jeffrey Marquez,timbrennan@example.com,employee,4,m,19,2021-11-30,tGB)5Mcpt0
222,Dylan Aguirre,stevensrebecca@example.org,employee,4,m,5,2019-12-22,w^%W7BlR5n
223,Joshua Cantrell,matthew29@example.com,employee,4,m,18,2017-05-17,@NB3cXqM$e
224,Brian Collins,zkeller@example.net,employee,4,m,2,2017-07-08,9^5KQ^aLry
225,Jenny Cooper,ashlee28@example.net,employee,4,f,15,2022-08-11,(i8W8zn8vj
226,Casey Mullins,emadden@example.org,employee,4,m,17,2021-11-01,)r3PireSqn
227,Stephen Holland,bushbrandon@example.net,employee,4,m,9,2024-07-27,Ca(fh8CxWa
228,Ashley Atkinson,tpham@example.net,employee,4,f,15,2017-06-23,W+1CiUoDZn
229,Matthew Gutierrez,clinetimothy@example.com,employee,4,f,11,2020-09-09,Ms*0F^Ufs%
230,Amber Avila,brittany28@example.net,employee,4,m,3,2022-11-05,)0YHr(rZPx
231,Patricia Woodard,thomasjason@example.org,employee,4,m,8,2016-10-16,!5I32bYeMF
232,Richard Cruz,myerserin@example.org,employee,4,f,11,2017-06-01,gg$L7DhjG!
233,Amanda Morris,matthew56@example.org,employee,4,f,0,2021-12-22,_7M^RurcWY
234,Brenda Richards,bryanward@example.org,employee,4,f,11,2020-02-06,(5WtTuCP(B
235,Matthew Crawford,robert50@example.org,employee,4,m,13,2022-01-15,k4J&dMxL*m
236,Mrs. Brenda Brock,ryandarlene@example.net,employee,4,f,15,2017-01-09,$%GMBl*I&6
237,Suzanne Martinez,zacharylane@example.net,employee,4,m,12,2020-08-14,Hk2KwV*l)4
238,Ronald Gonzalez,mmorrison@example.net,employee,4,m,18,2021-12-23,(e1ULtcGDI
239,Richard Parker,patrick49@example.org,employee,4,f,12,2022-04-01,^7m*29Yy0M
240,Robin Harvey,julie86@example.com,employee,4,m,7,2020-03-31,)*SG4toHA2
241,Kevin Hernandez,vwalker@example.net,employee,4,m,9,2018-05-22,@6Hay5WKPM
242,Laura Gregory,david72@example.net,employee,4,m,9,2019-04-09,!6FzqcjLcc
243,Mr. Jason Andrews,jason35@example.org,employee,4,m,11,2020-07-22,c1Z)0Sl&)C
244,Rhonda Mccall,xshort@example.com,employee,4,f,13,2022-04-18,tx1HLa!C$(
245,Melissa Mitchell,sjones@example.com,employee,4,f,6,2017-11-30,6x!5$Wo!yF
246,Raymond White,lawsonmarcus@example.net,employee,4,m,12,2020-03-23,^8yZF*3fru
247,Melissa Kim,bramirez@example.org,employee,4,m,4,2022-09-17,6RG3u5nj)a
248,Maria Ballard,wangdavid@example.com,employee,4,f,2,2023-03-04,c1IxUdRA*G
249,Scott Gibson,iwilson@example.org,employee,4,m,9,2021-02-23,#(e9v3x3aL
250,Holly Dodson,roseroger@example.net,employee,4,f,4,2024-06-17,#4WlhGsAYi
251,Jeffrey Pope,nicholas50@example.com,employee,4,f,1,2017-09-26,W2BcQrcw%)
252,William Herrera,freemanlinda@example.org,employee,4,f,20,2020-11-15,(7)XJ3PnRm
253,Melinda Parker DDS,timothy63@example.com,employee,4,m,14,2024-02-04,9hQGq2+$#2
254,Kathleen Morgan,baileydavid@example.net,employee,4,m,15,2019-10-24,dZ7Dw_Xa&P
255,Douglas Friedman,sheenadavidson@example.net,employee,4,m,7,2021-09-23,eX)Y0xzH$$
256,Sarah Parker,richard83@example.org,employee,5,f,11,2021-03-14,$G5v9&Du@C
257,Heidi Gonzalez,carterjoseph@example.org,employee,5,m,5,2016-11-24,F)7MSq+0&)
258,Joseph Baker,michaelashley@example.net,employee,5,m,19,2022-07-31,^4M8k3AqTl
259,Jonathan Walsh,qwood@example.org,employee,5,m,12,2023-05-12,)!G&4ZlynZ
260,Mr. Jason Robinson,victoria61@example.com,employee,5,m,3,2019-05-21,#nSHCiYk4q
261,Caroline Woodard,nicoleyoung@example.org,employee,5,m,16,2017-08-29,v2GG*hQw#P
262,Charles Williams,gonzalesmanuel@example.com,employee,5,m,12,2022-10-21,dc0EJB_tZ&
263,Dale Cameron,miranda65@example.com,employee,5,m,3,2023-06-28,LqDwBEEM$1
264,Carolyn Summers,charlesheath@example.net,employee,5,f,15,2024-09-30,(Xp^O(e3&5
265,Ricardo Gonzalez,tthomas@example.com,employee,5,m,10,2023-12-15,)1Xfd9Vad9
266,Charles Brown,wjohnson@example.net,employee,5,f,14,2017-03-08,8Cc0CyrGR!
267,Lynn Jones,wesley58@example.org,employee,5,m,11,2024-02-04,6c&zF3QslY
268,Lisa Andrade,sean19@example.com,employee,5,f,11,2023-05-19,vu!6Xi6lP)
269,Katherine Mitchell,michaelbarron@example.com,employee,5,m,1,2019-10-31,m%5oe65d0R
270,Olivia Phillips,wmartin@example.com,employee,5,f,13,2019-09-11,9jBf^!RL^g
271,Connie Ruiz,apollard@example.org,employee,5,m,0,2022-07-22,+61OWpEeb7
272,Christopher Morales,moorediane@example.org,employee,5,m,11,2017-10-12,+1C9tx!*nq
273,Patricia Ross,iwillis@example.com,employee,5,m,7,2021-05-22,1OCSbnD4#5
274,Melanie Atkins,zbarker@example.org,employee,5,f,12,2024-03-03,w$NiV8FcuX
275,Kenneth Miller,blackcindy@example.org,employee,5,m,9,2018-02-14,2AGimTHn(7
276,Matthew Perez Jr.,deborah06@example.net,employee,5,f,19,2020-04-13,LQ4raKQyz_
277,Jonathan Ryan,jerome82@example.com,employee,5,f,0,2017-03-03,UL7Z%Iis@g
278,Tracy Camacho,vpratt@example.com,employee,5,f,0,2024-03-26,z4O^4VGzmy
279,Jason Bush,johnstonnicole@example.com,employee,5,f,15,2017-03-27,Eoz5%Njw!3
280,Jamie Klein,bryanmooney@example.com,employee,5,f,8,2017-08-17,&wGikew9#9
281,Robert Powers,wmorales@example.org,employee,5,f,3,2019-08-24,#F1Wgizc(z
282,Meghan Johnson,jasondennis@example.org,employee,5,m,7,2023-10-26,1VQThck7**
283,Alan Wyatt,robertmiller@example.com,employee,5,f,20,2019-08-01,Ot_4Dx&b)8
284,Gary Hale,marc56@example.net,employee,5,m,11,2016-11-26,@8vOT8Oj^Q
285,Daniel Avila,martinezmichael@example.com,employee,5,m,1,2023-05-07,8zL3QQNi_a
286,Amy Brooks,gregoryhoffman@example.com,employee,6,m,0,2017-08-03,$4XZukdu!6
287,Craig Bailey,tyler06@example.org,employee,6,m,6,2024-01-18,!)a)9SxEmd
288,Miranda Johnson,davenportchristine@example.net,employee,6,m,0,2021-12-13,GI@Q)7Mj8+
289,Nathan Duncan,kathleenmay@example.net,employee,6,f,3,2019-12-08,$ro6REaiqA
290,Zachary Reyes,xhuang@example.net,employee,6,f,1,2020-07-27,^m_K0NEip+
291,Erik Christensen,murraythomas@example.com,employee,6,m,11,2023-02-04,@NjMLHHf0#
292,Craig Lopez,bweber@example.org,employee,6,f,14,2024-05-07,R&0rxWGiKM
293,Dr. Joann Hoffman,cynthiafrancis@example.org,employee,6,f,11,2021-02-05,!^yJGPUg$0
294,Judy Martin,jcontreras@example.net,employee,6,m,3,2021-02-18,4t7&&RSbZ*
295,Jennifer Harper,jonathongreene@example.org,employee,6,f,4,2023-01-14,Yr5svQgAN%
296,Larry Cardenas,zmorris@example.net,employee,6,m,11,2019-11-19,x&Gy2ACueo
297,Erika Jones,lpayne@example.org,employee,6,m,11,2021-11-30,P$2F#(nr!a
298,Tyler Jenkins,alexander74@example.org,employee,6,m,0,2019-09-05,5TW*2aOo)H
299,Lisa Andrade,melissaharris@example.net,employee,6,f,10,2024-06-22,I5AqKmsy(#
300,Sarah Richards,kendrachandler@example.com,employee,6,m,20,2018-05-12,!8KjMItP9W
301,Jonathan Rios,rhondamartinez@example.com,employee,7,f,9,2019-04-18,_iHlqj6Tb2
302,Troy Strickland,scottclarke@example.com,employee,7,m,1,2022-09-24,aR9GW!Ez*X
303,Adam Martin,jenkinslaura@example.org,employee,7,m,16,2017-11-12,&j79@*Xc6g
304,Steven Hill,kherrera@example.net,employee,7,m,0,2022-12-30,)9NnOlls7V
305,Katherine Porter,jefferymendoza@example.net,employee,7,f,3,2017-01-09,tKs6OKOn*p
306,Alex Romero,blackjared@example.net,employee,7,f,7,2023-05-18,9oIi+yLo^P
307,Renee Jensen,bmadden@example.com,employee,7,m,10,2022-12-23,4&ct3Qop_+
308,Martin Middleton,jeffery62@example.org,employee,7,m,6,2020-01-17,_(_K4Nld9Q
309,Eric Villegas,gryan@example.org,employee,7,m,17,2019-02-03,!lym(3Prsp
310,Anne Costa,perryleonard@example.com,employee,7,m,8,2020-04-01,qpTNjf$n%5
311,Manuel Wise,xchristian@example.org,employee,7,f,15,2021-08-21,_QB0V0oeT5
312,Denise Jackson,vramirez@example.org,employee,7,f,17,2018-01-06,)O6cPCbp1E
313,Daniel Williams,amy12@example.org,employee,7,m,20,2017-07-29,$JA@#agm27
314,Jeremy Cole,adunlap@example.net,employee,7,f,13,2020-02-09,9xlA_1ED@8
315,Lisa Sullivan,andreaneal@example.com,employee,7,f,17,2018-10-16,)(II%kKx)7
316,Anna Rosales,michaelbaker@example.org,employee,7,m,12,2020-03-06,_TBkptC@I5
317,Gregory Schroeder,jacob76@example.org,employee,7,f,10,2022-07-11,)R!HrWTh2r
318,Mary Simpson,wilsonjoshua@example.net,employee,7,f,12,2020-02-28,_Z5IODgaK&
319,Janice Park,katherine02@example.net,employee,7,f,19,2018-03-06,K^1LILeBwg
320,Dale Morgan,jean81@example.net,employee,7,f,18,2023-12-10,+AtZOHsk8s
321,Brent Crawford,grosario@example.net,employee,7,m,9,2018-08-20,$(fXaBch%5
322,Stacey Little,vharrell@example.com,employee,7,f,18,2021-07-28,3W^8X6Je#q
323,Jesus Perkins,stevensharp@example.com,employee,7,m,4,2022-04-16,fKGY8U4e$Q
324,Courtney Moore,heatherwoods@example.net,employee,7,f,6,2019-02-12,0kDrQY)m@5
325,David Smith,robertskelly@example.net,employee,7,m,11,2021-03-06,E#6V35MkOK
326,Christian Snyder,susan35@example.org,employee,7,m,5,2018-12-03,Bi9CkZEoz&
327,Erin Simpson,greenlawrence@example.org,employee,7,m,4,2016-10-23,g^G1Ee*wzk
328,Shane Turner,james40@example.org,employee,7,m,18,2017-10-14,L)v0GfOD__
329,Rebecca Burton,steven50@example.org,employee,7,f,14,2021-07-03,_4IIpDIe)0
330,Jason Gibson,shawn18@example.net,employee,7,m,2,2018-07-12,A^j94S7r$5
331,Nathaniel Pitts,cathy34@example.org,employee,7,m,8,2024-02-20,6m0$BSe%U#
332,Mark Smith,icarroll@example.org,employee,7,f,8,2024-01-24,$iExHdKlv8
333,Rhonda Lambert,omanning@example.com,employee,7,m,6,2021-11-04,m@974FuaVl
334,Colin Spencer,guzmandavid@example.net,employee,7,m,6,2017-07-24,6H$9Mi#(m6
335,John Berg,frank33@example.org,employee,7,m,17,2019-02-08,q(9(vPZyf3
336,Mrs. Cassandra Raymond,xdavis@example.net,employee,7,f,19,2021-06-13,m)+M4RLsHQ
337,James Garcia,vickinavarro@example.com,employee,7,m,15,2022-04-04,*88RmVw6+E
338,Jamie Schneider,carriepace@example.com,employee,7,f,13,2022-05-02,V(@7Qu2L43
339,Bryan Sawyer,danfletcher@example.net,employee,7,m,9,2022-03-18,f4EBPLQi)h
340,Joseph Mccann,blackburnkevin@example.org,employee,7,m,7,2022-08-01,!3O6vqgZZ8
341,Lindsay Smith,paulmartin@example.net,employee,7,m,2,2021-12-01,#3bV0XwFe!
342,Michelle Gonzales,moniquechristensen@example.net,employee,7,f,3,2022-06-13,P^2Gl4WHqh
343,Aaron Patel,matthewmiller@example.net,employee,7,f,9,2017-02-07,ENJoUwxZ(5
344,Gregory Wilson,evanskristy@example.net,employee,7,f,13,2024-07-15,+0IWA9x@xx
345,Mrs. Kathleen Liu,kelly76@example.com,employee,7,f,18,2022-01-22,kIBB7BJe(K
346,Michelle Wright,meaganbell@example.org,employee,7,f,15,2019-12-28,X$*W9ILqXu
347,John Casey,wyattmartin@example.org,employee,7,f,9,2023-08-02,KIe9KNxrH$
348,Kenneth Delgado DDS,perkinskimberly@example.org,employee,7,f,3,2023-04-13,AO2QZHp^%K
349,Kaitlyn Trujillo,gparker@example.com,employee,7,f,3,2018-06-04,#0I9tIqB#D
350,Emily Howard,matthewgraham@example.org,employee,7,f,16,2018-07-09,RPf!G+xy(0
351,Cheryl Johnson,wbeck@example.com,employee,7,m,12,2017-02-24,)QLHnl_ZM7
352,Cody Buck,stonemark@example.com,employee,7,f,19,2023-12-05,hbz2KwIM!V
353,Christopher Barton,richardsonadam@example.net,employee,7,m,19,2017-02-26,@xItl5WiL@
354,Denise Morris,schaeferalexandra@example.com,employee,7,m,3,2017-07-29,BgkP6Lg6^6
355,Tara Johnson,thompsondonna@example.org,employee,7,f,14,2022-06-08,3H!t!1EtS8
356,Richard Martin,coreyedwards@example.net,employee,8,m,9,2017-06-30,mU!7F#OlQU
357,Cory Vaughn,conleyjeremy@example.org,employee,8,f,17,2022-11-04,E*8G2G9Fwf
358,Travis Smith,monicasanchez@example.com,employee,8,m,1,2017-02-28,0+g(7Mt+Y1
359,Daniel Elliott,antoniocampbell@example.com,employee,8,m,16,2018-05-12,H8ISbaDK)Z
360,Mindy Raymond,dean91@example.net,employee,8,m,1,2020-12-02,!cu6oNrE)L
361,Cynthia Shaffer,hperkins@example.com,employee,8,f,6,2022-11-20,!*exr0VauJ
362,Blake Shelton,clarketroy@example.net,employee,8,m,14,2022-06-11,_3nEKJym&!
363,Jenna Rodriguez,webertanya@example.org,employee,8,f,19,2021-09-11,c1zCLy5B+g
364,Sheila Christian,morgan14@example.com,employee,8,m,8,2019-10-16,QY1)1Kqso(
365,Sabrina Hunt,marklopez@example.com,employee,8,m,19,2017-03-11,$&21a8AlAF
366,Eric Rodriguez,walkerdavid@example.net,employee,8,m,9,2017-02-22,ur6+R_MEl&
367,James Ortiz,mbailey@example.com,employee,8,m,7,2022-08-20,a67LZZsS#r
368,Alexander Murphy,ayalapaul@example.org,employee,8,m,7,2022-03-24,J$6c(OPhwF
369,William Davis,sarahjames@example.net,employee,8,f,8,2023-12-20,$4whxOSulR
370,Amber Sanders,teresaanderson@example.com,employee,8,m,18,2022-10-14,$4HGHGbt1O
371,Kathy Bailey,michael92@example.com,employee,8,m,0,2021-02-11,2mDX&rml!$
372,Jack Dickerson,ralph70@example.org,employee,8,f,7,2019-09-15,#9Wfqwt(n0
373,Beverly Harrington,kenneth54@example.org,employee,8,f,5,2023-05-06,&M7Aydnk$V
374,Evelyn Jackson,thomas70@example.org,employee,8,m,19,2017-08-05,D3yIAg)4@b
375,Edward Page,whitney38@example.net,employee,8,m,4,2017-11-16,$4J3QYNaiN
376,Dr. Christy Wilkinson,ssimpson@example.org,employee,8,f,20,2024-02-17,A0TIRgrh@H
377,Bobby Davila,dawnhill@example.org,employee,8,f,13,2023-10-30,(8GwTyfPlE
378,Anita Wilson,janetwells@example.net,employee,8,m,11,2022-01-07,ujb8R3ll@+
379,Erik Sanchez,elliottcorey@example.org,employee,8,m,15,2024-06-22,qez7EQ&2B%
380,Allen Patel,colliertiffany@example.com,employee,8,f,10,2021-08-04,(^_xC+Rw4q
381,Robert Cantu,ortizchristopher@example.org,employee,8,m,15,2021-12-25,%$Jl5UtNuX
382,Russell Burton DDS,davidoconnor@example.com,employee,8,m,13,2022-03-25,_!Ej6Owj)A
383,Jose Dougherty,inorris@example.org,employee,8,f,7,2020-06-10,_1w*LBusK*
384,Edwin Williams,millerdaniel@example.net,employee,8,m,8,2022-11-26,)n4PCZC0t3
385,Kimberly Gross,dixonbrianna@example.net,employee,8,m,8,2023-12-21,)1Et@2Gm11
386,Nathaniel Patel,colin83@example.org,employee,8,f,16,2024-09-28,+6PtryyV+o
387,Kimberly Rice,wrichardson@example.com,employee,8,f,16,2024-04-16,Rl_%5wXnFB
388,Heather Martinez,underwoodjason@example.com,employee,8,m,0,2017-08-21,n(l5HgKnha
389,Sarah Aguilar,tyler76@example.org,employee,8,f,15,2024-07-25,Y5@r4WWqVv
390,Sarah Mcdonald,vincent88@example.com,employee,8,m,11,2017-12-26,r_(67J^v#%
391,Thomas Orozco,michaelquinn@example.net,employee,8,m,13,2022-10-09,e^5*B4Me2M
392,Brent Patterson,theodoreedwards@example.org,employee,8,m,2,2020-05-04,JI$9YQEx2(
393,Christy Nichols,ruth52@example.com,employee,8,m,14,2020-07-29,i_2Havfl7j
394,Jordan Meadows,david90@example.com,employee,8,f,2,2024-01-18,Oz3L0Cptg*
395,Katherine Lee,ryanchristopher@example.com,employee,8,m,18,2019-07-08,kq&&6Oy1Uw
396,Tina Sullivan,benjaminandrews@example.org,employee,8,m,8,2021-11-02,17OU70Pp*n
397,Nicholas Russell,ryan04@example.net,employee,8,f,6,2020-08-06,K@5Cuy5q3z
398,Robert Williams,ojones@example.org,employee,8,f,1,2021-01-29,*s14QKuIxx
399,Daniel Spencer,brandonscott@example.com,employee,8,f,18,2019-05-10,@f46XQr+dS
400,Kelly Jackson,tamarafranklin@example.net,employee,8,f,6,2020-10-02,YU5X3#Ah$d
401,Mary Castillo,beckthomas@example.com,employee,8,m,12,2021-08-26,)5N8EuRk@5
402,Zachary Cain,campbellnichole@example.com,employee,8,m,14,2019-07-29,j)n8E%+fLP
403,Brian Marshall,angelica08@example.org,employee,8,m,8,2017-04-02,%I1Y&ASbBM
404,Brendan Richards,rshelton@example.com,employee,8,f,6,2024-07-11,4$VEMtVw+L
405,Dr. Ronald Gonzales MD,robertwalter@example.org,employee,8,f,9,2018-11-03,+fF7ObF3%7
406,Greg Taylor,samanthahernandez@example.org,employee,8,f,6,2024-06-02,(qL08Bco*f
407,Jill Edwards,anthony71@example.com,employee,8,m,1,2023-11-18,*36B&8q_Z1
408,Isaac Johnson,ahart@example.net,employee,8,m,4,2021-10-15,JHg_9dWk5D
409,Troy Briggs,rachel79@example.net,employee,8,f,2,2018-09-15,8)cB72Fv&g
410,Nicholas Morrow,tylerrobert@example.com,employee,8,f,18,2021-05-30,FI!1yOj&G(
411,James Porter,travisberry@example.com,employee,8,m,10,2018-08-11,S3$1c%Jx(8
412,Lori Ward,lynn78@example.com,employee,8,f,2,2019-11-08,^hp0DyItJ^
413,Kevin Brown,ashley77@example.org,employee,8,f,17,2022-08-22,_Kaw7FaEco
414,Edward Johnson,yatkins@example.net,employee,8,m,13,2017-12-10,U7oEWlyg_I
415,Wayne Dorsey,barajasann@example.com,employee,8,f,18,2018-10-21,v)0E(7o*UC
416,Erin Glenn,christopher46@example.net,employee,8,f,7,2017-07-14,j!K1OnmO0w
417,Reginald Williams,kaitlin97@example.org,employee,8,f,20,2023-02-16,^F6Wkwee*2
418,Brenda Parks,morenocalvin@example.net,employee,8,f,3,2019-11-25,$d38&OjX!_
419,Tanya Wallace,ascott@example.com,employee,8,f,5,2023-04-19,+BTWTee#*0
420,Erin Hurst,xjohnson@example.org,employee,8,m,7,2022-12-06,D3RSn^Ub*l
421,Vicki Cox,youngmichael@example.org,employee,8,m,7,2017-03-01,Ko2xdHGj(4
422,Meredith Butler,anne09@example.net,employee,8,f,7,2023-11-18,+GLngPdj4u
423,Christopher Anderson,halexander@example.net,employee,8,f,0,2016-10-24,_fG6ZXoAM6
424,George Martinez,erikamaynard@example.net,employee,8,f,12,2022-12-05,T9*0D7bP6C
425,Bryce Williams,shannongaines@example.org,employee,8,m,18,2023-10-28,&7BYTCGv!%
426,Stephen Dyer,thompsonjames@example.org,employee,9,f,4,2020-10-07,J_&8JaXrSj
427,Robert Anderson,nicholaskaufman@example.net,employee,9,f,15,2017-08-13,9!N8(ZeZU&
428,Susan Andrews,deborah26@example.net,employee,9,m,7,2020-03-15,&#07YtGGfd
429,Edward Jackson,april37@example.com,employee,9,m,14,2019-07-10,M2pQ%JCf^W
430,Kevin Norton,rmoss@example.org,employee,9,m,14,2017-11-07,o98AL8Ai#R
431,Christopher Foster,aprilburgess@example.org,employee,9,f,14,2018-06-03,lMN!Lmvd_6
432,Robert Morgan,alexa02@example.com,employee,9,f,0,2020-05-25,+Z@pn9La^5
433,James Medina,scottjohn@example.com,employee,9,m,14,2020-03-09,qP#8NIn#aN
434,Sabrina Russell,mjacobson@example.org,employee,9,m,18,2016-11-08,L1%WYrGi%l
435,Amber Martinez,scottshelton@example.com,employee,9,f,9,2024-07-27,#74Z0Tlz6y
436,Amanda Miller,kathrynlivingston@example.com,employee,9,m,11,2018-05-06,en8LGKzd+U
437,Zachary Russell,higginspaige@example.org,employee,9,m,3,2019-10-13,g+8Gg55mhW
438,Donald Murray,aimeerojas@example.org,employee,9,f,7,2020-06-28,jj1eG6d!A(
439,Matthew Knox,moralesrachel@example.org,employee,9,m,14,2024-04-10,l)b2lH+oF0
440,Roger Owens MD,jramirez@example.org,employee,9,m,20,2020-04-14,%6lWAZHNoi
441,Edward Morse,foxmichael@example.org,employee,9,m,16,2021-09-13,03087A1u!l
442,Jennifer Villa,anthony63@example.org,employee,9,f,3,2018-09-19,@is0Tkie(R
443,Jose Lee,schmidtregina@example.net,employee,9,f,7,2022-11-20,#6Uci5x@3i
444,Elizabeth Peterson,upugh@example.com,employee,9,f,20,2022-11-24,@E_3CHa2*Q
445,Tara Patel,christine66@example.net,employee,9,m,5,2019-04-09,u(7(SJdpbF
446,Susan Ashley,lukebuchanan@example.org,employee,9,m,17,2018-11-19,H$jyK2VAos
447,Kari Stuart,jonathanhansen@example.com,employee,9,m,12,2020-12-21,@7Sjc!ddX1
448,Ronald Zamora,tiffany01@example.org,employee,9,m,18,2017-10-19,V0^9Ys$m&o
449,Sara Kline,rromero@example.net,employee,9,f,12,2021-07-21,*7YdthPD2y
450,Sandra Cannon,william55@example.net,employee,9,f,4,2022-08-06,(u2hI7d@$2
451,Jeremy Ellis,ashley06@example.net,employee,9,f,2,2018-07-20,$8&9J^CbbH
452,Taylor Reed,kjones@example.com,employee,9,m,14,2022-11-05,g)L4SZoyFe
453,Diana Thompson,armstrongkimberly@example.net,employee,9,f,9,2019-07-06,r9CYM@Uf(6
454,Amy Ramirez,jacksonrodney@example.com,employee,9,m,10,2021-12-15,K@#8TmnoPK
455,Mrs. Dana Colon,johouston@example.org,employee,9,f,15,2022-02-02,Lb_6zGByg*
456,Cathy Foster,rileyhunter@example.com,employee,9,m,17,2018-12-13,uoC42KfbI@
457,Raymond Barnes,uconner@example.net,employee,9,f,14,2017-01-27,j9fRoDhx*9
458,Austin Bruce,iwagner@example.com,employee,9,m,3,2017-04-01,lLhUsin*)8
459,Kristine Anderson,wayne85@example.com,employee,9,f,12,2018-01-12,Id4KdxkXG^
460,Ashley Cole,amonroe@example.org,employee,9,f,1,2021-12-07,n3(YNwbl!i
461,Wendy Mathews,vcooper@example.com,employee,9,m,16,2021-04-07,9p4K*lRy_9
462,Frank Davis,amber30@example.net,employee,9,f,15,2023-03-07,%6jONtc4&(
463,Jared Gay,ljohnson@example.com,employee,9,m,7,2020-07-13,0R^6VcY@hp
464,Elizabeth Mcintyre,garzajeffrey@example.org,employee,9,f,3,2022-04-12,#EW1WJdEA0
465,Kimberly Mcdowell,dillonharris@example.org,employee,9,f,0,2020-01-01,&6&HipdtPO
466,Edward Mitchell,ologan@example.net,employee,9,m,20,2017-07-15,E3jQB9Zx&q
467,Ashley Smith,rickey72@example.net,employee,9,m,13,2024-02-11,x5M+3Iag%7
468,Jim Kelly,patrickreed@example.org,employee,9,m,19,2020-03-14,a2JBDZlA$p
469,Robert Thomas,watersjordan@example.net,employee,9,m,5,2024-06-19,%6E)qOl*hc
470,Lisa Hooper,zcross@example.net,employee,9,f,3,2022-08-28,P(2XCIxoPa
471,Nathan Ryan,robert23@example.com,employee,9,f,19,2022-08-18,120$uUex(8
472,Miss Betty Massey,perkinsjesse@example.net,employee,9,f,7,2018-02-27,p4nTprkz$a
473,Darrell Bruce,susanmcdonald@example.com,employee,9,m,4,2020-06-21,su3oYHirK@
474,Christopher Franklin,katrinawilliams@example.net,employee,9,f,5,2017-04-03,*2GzBzOs*a
475,Anne Bauer DVM,ptucker@example.org,employee,9,m,2,2023-08-24,)$XHaTDVu5
476,Jorge Parks,thomas17@example.com,employee,9,m,11,2021-05-24,+3NDWUp)FD
477,John Williamson,gsullivan@example.net,employee,9,m,11,2017-08-06,e$4^K8AuKI
478,Brittany Little,mendozagabriel@example.net,employee,9,m,7,2017-04-26,m2YM3(dL@l
479,Joshua Mathews,davidgonzalez@example.org,employee,9,f,12,2018-09-09,+55SmtigS8
480,Richard Blair,tinapatel@example.com,employee,9,f,5,2022-04-24,$^+25BChS1
481,James Walker,graykristin@example.com,employee,9,f,6,2019-12-26,%LsH@zJcx9
482,Cindy Rowe,jamessantiago@example.net,employee,9,f,13,2019-02-15,@uHQwgnf0N
483,Joseph Pierce,perezandrea@example.net,employee,9,m,6,2021-02-26,7d3&WMnz)4
484,Jeffrey Walker,vvalencia@example.net,employee,9,m,8,2019-11-19,D*4Xfp@ul7
485,Julia Bishop,richardsondavid@example.net,employee,9,m,4,2017-04-22,(^xAvJxVe9
486,Laura Barron,burkederek@example.com,employee,10,f,20,2023-08-22,29+G%hJP_x
487,Jennifer Evans,danieledwards@example.net,employee,10,m,13,2024-03-06,^d*4V(wH5p
488,Karen Gallagher,smithpam@example.net,employee,10,m,1,2017-12-19,Hp+LVHtj^1
489,Dwayne Jackson,williamswayne@example.net,employee,10,f,16,2023-05-11,_5s6HJiKM$
490,Daniel Johnson,thomas18@example.net,employee,10,f,15,2021-12-07,d3AEJtkg+N
491,Paul Bates,hoffmantodd@example.net,employee,10,m,16,2022-03-20,+&81X2np)5
492,Kayla Howell,saracherry@example.com,employee,10,m,8,2018-04-05,H_9ySYVrXi
493,Ian Aguilar,janet86@example.org,employee,10,f,4,2020-10-13,F2oM6qBf2)
494,Nicole Mcknight,wendy39@example.org,employee,10,m,8,2024-07-17,Ps2Mht9Ek(
495,Mary Soto,emartin@example.org,employee,10,f,8,2023-11-20,l4oyatSs*W
496,Teresa Thompson,stephanie52@example.com,employee,10,f,17,2020-11-09,(l$0Pzjb#3
497,Crystal Miller,anthony88@example.com,employee,10,m,1,2024-05-25,k69YNgOg_r
498,Larry Vargas,twilson@example.com,employee,10,f,0,2024-02-17,@y3^Hm%k9)
499,Gregory Wallace,cochranthomas@example.org,employee,10,f,7,2022-08-01,LmG3K4Ob(v
500,Elizabeth Heath,garzalori@example.net,employee,10,m,3,2019-06-30,B_@V3ogF*H
