user_id,user_name,email,role,designation_id,sex,years_of_experience,join_date,join_year,join_month,join_day,tenure
1,christie montgomery,carolinecharles@example.com,Employee,1,f,0,2023-12-29,2023,12,29,284
2,monique hughes,stephanie09@example.com,Employee,1,f,18,2018-05-17,2018,5,17,2336
3,alexandra vega,bperez@example.net,Employee,1,m,4,2017-04-17,2017,4,17,2731
4,jonathan marquez,bensoncarolyn@example.com,Employee,1,f,1,2020-09-24,2020,9,24,1475
5,michael perez,cstafford@example.org,Employee,1,m,7,2020-02-09,2020,2,9,1703
6,angela fernandez,amybrown@example.net,Employee,1,m,17,2020-04-07,2020,4,7,1645
7,david cisneros,aprilmiranda@example.com,Employee,1,f,15,2018-03-31,2018,3,31,2383
8,dominique hill,theresa86@example.com,Employee,1,m,12,2020-09-22,2020,9,22,1477
9,kenneth campbell,tjensen@example.com,Employee,1,m,1,2018-07-04,2018,7,4,2288
10,randall garcia,nlindsey@example.com,Employee,1,f,17,2021-06-14,2021,6,14,1212
11,adam warren,sbaker@example.org,Employee,1,f,2,2020-12-31,2020,12,31,1377
12,billy blevins,shawn09@example.org,Employee,1,m,12,2024-01-21,2024,1,21,261
13,gary henderson,powellmark@example.net,Employee,1,f,14,2020-12-13,2020,12,13,1395
14,philip smith,lisa75@example.net,Employee,1,f,1,2018-09-25,2018,9,25,2205
15,joshua hardin,jonesrobert@example.org,Employee,1,f,3,2018-04-12,2018,4,12,2371
16,melissa nunez md,wjordan@example.net,Employee,1,m,20,2022-11-09,2022,11,9,699
17,spencer anderson,jclayton@example.net,Employee,1,f,14,2017-12-22,2017,12,22,2482
18,robert johnson,ulittle@example.com,Employee,1,m,16,2022-08-31,2022,8,31,769
19,antonio hawkins,martinezpedro@example.com,Employee,1,m,4,2023-03-21,2023,3,21,567
20,rachel cruz,jacksonroy@example.com,Employee,1,f,10,2024-08-27,2024,8,27,42
21,jeffrey long,tonyrojas@example.org,Employee,1,m,6,2019-04-17,2019,4,17,2001
22,wendy warner,joshuawiley@example.org,Employee,1,m,11,2019-04-26,2019,4,26,1992
23,whitney miller,stacey50@example.com,Employee,1,f,13,2023-09-13,2023,9,13,391
24,danielle gilmore,mary89@example.org,Employee,1,m,15,2023-12-08,2023,12,8,305
25,alexis preston md,willisdavid@example.org,Employee,1,m,14,2020-05-16,2020,5,16,1606
26,emily hardy,heathermejia@example.org,Employee,1,f,16,2022-05-23,2022,5,23,869
27,christina wright,vjensen@example.org,Employee,1,f,16,2017-05-20,2017,5,20,2698
28,holly king,erik98@example.com,Employee,1,f,15,2019-03-28,2019,3,28,2021
29,lauren brown,steven78@example.com,Employee,1,f,8,2023-10-30,2023,10,30,344
30,donna brown,meganwillis@example.net,Employee,1,f,2,2020-03-25,2020,3,25,1658
31,dr. william williams dds,kirkelizabeth@example.com,Employee,1,m,6,2020-05-27,2020,5,27,1595
32,laura davis,qmyers@example.net,Employee,1,f,12,2018-09-19,2018,9,19,2211
33,ms. kim houston,hoffmanjill@example.org,Employee,1,f,20,2019-12-16,2019,12,16,1758
34,mark jones,angie03@example.org,Employee,1,f,5,2024-01-19,2024,1,19,263
35,christopher jackson,richardgill@example.com,Employee,1,m,16,2020-07-26,2020,7,26,1535
36,john warren,vanessa37@example.com,Employee,1,m,4,2023-09-13,2023,9,13,391
37,cheryl nichols,ugray@example.com,Employee,1,m,1,2016-12-17,2016,12,17,2852
38,jonathan christian,kevinperry@example.net,Employee,1,m,9,2021-04-03,2021,4,3,1284
39,anthony rios,jacqueline87@example.org,Employee,1,m,1,2021-03-02,2021,3,2,1316
40,gerald booker,dreynolds@example.org,Employee,1,f,1,2022-02-06,2022,2,6,975
41,nicholas larsen,wendy01@example.org,Employee,1,m,12,2020-02-16,2020,2,16,1696
42,christopher macias,sarahwong@example.org,Employee,1,m,9,2023-03-15,2023,3,15,573
43,roberta lloyd,fordwilliam@example.net,Employee,1,f,16,2024-05-13,2024,5,13,148
44,mr. bruce dennis,omcbride@example.com,Employee,1,f,12,2023-01-09,2023,1,9,638
45,sherry brown,thomas70@example.com,Employee,1,m,11,2020-11-14,2020,11,14,1424
46,kristen shepherd,dustin32@example.com,Employee,1,f,7,2020-09-20,2020,9,20,1479
47,michael hickman,andrew88@example.org,Employee,1,m,7,2022-05-16,2022,5,16,876
48,marissa rodriguez,ericalopez@example.com,Employee,1,m,20,2018-04-19,2018,4,19,2364
49,brenda arnold,austinochoa@example.org,Employee,1,f,7,2020-01-15,2020,1,15,1728
50,jose english,cookeangie@example.org,Employee,1,m,19,2017-07-02,2017,7,2,2655
51,gabriella stewart,kylerodriguez@example.net,Employee,1,m,11,2023-06-08,2023,6,8,488
52,lori hester,mendozamichael@example.net,Employee,1,m,2,2019-09-16,2019,9,16,1849
53,stacy butler,krystalanderson@example.com,Employee,1,f,15,2023-01-14,2023,1,14,633
54,peter lewis,clloyd@example.net,Employee,1,f,7,2024-08-23,2024,8,23,46
55,kristin jensen,arogers@example.org,Employee,1,f,12,2023-09-28,2023,9,28,376
56,kelly reeves,angela01@example.net,Employee,1,m,4,2019-11-30,2019,11,30,1774
57,michael friedman,beth40@example.net,Employee,1,f,2,2022-02-01,2022,2,1,980
58,cassandra gonzales,timothy41@example.org,Employee,1,m,14,2018-07-31,2018,7,31,2261
59,brian martinez,yjones@example.com,Employee,1,f,18,2023-06-20,2023,6,20,476
60,lynn wolf,shawnaknox@example.com,Employee,1,f,16,2019-11-04,2019,11,4,1800
61,lori mercer,todd77@example.com,Employee,1,m,12,2023-10-18,2023,10,18,356
62,david shaw dds,angela85@example.com,Employee,1,f,12,2023-11-28,2023,11,28,315
63,donald bush,tamara87@example.com,Employee,1,f,17,2017-01-12,2017,1,12,2826
64,brittany smith,tamara08@example.net,Employee,1,f,20,2020-08-22,2020,8,22,1508
65,craig fuentes,uknight@example.com,Employee,1,m,16,2022-09-18,2022,9,18,751
66,michele hale,anthonyperry@example.com,Employee,1,f,16,2022-11-13,2022,11,13,695
67,benjamin skinner,richardscott@example.com,Employee,1,f,12,2019-07-28,2019,7,28,1899
68,tammy villanueva,andrewlarson@example.com,Employee,1,m,0,2022-06-18,2022,6,18,843
69,connie wolfe,esimmons@example.com,Employee,1,m,15,2019-03-17,2019,3,17,2032
70,amy guzman,jacobsmelinda@example.net,Employee,1,f,13,2019-03-07,2019,3,7,2042
71,alyssa collins,sheadanny@example.org,Employee,1,f,3,2020-01-01,2020,1,1,1742
72,gabrielle smith,delacruzaustin@example.com,Employee,1,m,13,2022-03-30,2022,3,30,923
73,ann underwood,tarnold@example.com,Employee,1,m,15,2024-09-11,2024,9,11,27
74,michael frazier,vfoster@example.net,Employee,1,m,1,2022-01-19,2022,1,19,993
75,stanley anderson,ashley29@example.com,Employee,1,f,2,2018-09-27,2018,9,27,2203
76,katherine williams,sarahwilson@example.net,Employee,1,m,14,2020-07-21,2020,7,21,1540
77,denise acosta,christinaschultz@example.com,Employee,1,m,6,2020-12-19,2020,12,19,1389
78,michele perry,nrojas@example.net,Employee,1,f,1,2022-09-04,2022,9,4,765
79,sergio baker,sanchezjackson@example.org,Employee,1,f,3,2019-09-28,2019,9,28,1837
80,melissa burgess,simssara@example.org,Employee,1,m,10,2020-09-15,2020,9,15,1484
81,malik becker,bcollins@example.org,Employee,1,f,3,2018-11-26,2018,11,26,2143
82,matthew huang,hickseduardo@example.org,Employee,1,m,12,2021-07-24,2021,7,24,1172
83,tara johnson,derek43@example.net,Employee,1,m,8,2022-03-07,2022,3,7,946
84,mr. mark schneider,susan66@example.org,Employee,1,m,16,2024-09-23,2024,9,23,15
85,julie matthews,vbuchanan@example.net,Employee,1,f,11,2022-03-02,2022,3,2,951
86,william tran,gbridges@example.com,Employee,1,m,6,2020-02-28,2020,2,28,1684
87,amanda peters md,millerjohn@example.com,Employee,1,m,17,2024-08-12,2024,8,12,57
88,lynn stone,floreschristopher@example.com,Employee,1,f,6,2024-05-13,2024,5,13,148
89,daniel hall,mpugh@example.org,Employee,1,m,7,2022-08-10,2022,8,10,790
90,thomas herrera,emccall@example.com,Employee,1,f,19,2020-08-17,2020,8,17,1513
91,jason wong,barnesgerald@example.org,Employee,1,m,0,2022-01-05,2022,1,5,1007
92,casey ruiz,sbowman@example.org,Employee,1,m,19,2022-03-09,2022,3,9,944
93,devin wilson,caroline87@example.com,Employee,1,f,14,2022-10-16,2022,10,16,723
94,jason fields,jeffreyhodge@example.org,Employee,1,m,0,2021-07-26,2021,7,26,1170
95,susan hansen,nancymiller@example.net,Employee,1,f,11,2018-09-21,2018,9,21,2209
96,jamie tyler,angelaaustin@example.org,Employee,1,f,6,2022-09-10,2022,9,10,759
97,kathleen terry,sullivanjulie@example.org,Employee,1,m,1,2020-08-02,2020,8,2,1528
98,emily williamson,amandasmith@example.com,Employee,1,f,8,2018-05-15,2018,5,15,2338
99,sean meyer,susan23@example.com,Employee,1,f,20,2020-08-31,2020,8,31,1499
100,lisa daniels,barnetteric@example.org,Employee,1,f,20,2016-11-22,2016,11,22,2877
101,arthur villanueva,emilysims@example.net,Employee,2,f,5,2021-07-04,2021,7,4,1192
102,melissa brown,gonzalesnicholas@example.net,Employee,2,f,20,2024-04-29,2024,4,29,162
103,shawn fields,njackson@example.com,Employee,2,f,11,2017-03-22,2017,3,22,2757
104,beth johnson,gpatterson@example.net,Employee,2,f,18,2021-09-23,2021,9,23,1111
105,chad jacobs,eric39@example.net,Employee,2,f,2,2019-03-15,2019,3,15,2034
106,donald preston,krobinson@example.net,Employee,2,m,15,2020-09-22,2020,9,22,1477
107,michael zimmerman,garciaamanda@example.com,Employee,2,m,13,2019-10-31,2019,10,31,1804
108,mr. theodore carpenter jr.,qboyd@example.org,Employee,2,f,15,2016-10-26,2016,10,26,2904
109,alyssa morrison,iwebb@example.org,Employee,2,m,6,2020-05-28,2020,5,28,1594
110,dr. marissa reyes dds,bowendaniel@example.com,Employee,2,m,15,2022-09-10,2022,9,10,759
111,angela macias,bryan91@example.net,Employee,2,m,6,2016-11-01,2016,11,1,2898
112,julie brown,woodsrobert@example.org,Employee,2,m,17,2020-09-05,2020,9,5,1494
113,veronica miller,matthew21@example.net,Employee,2,m,9,2019-04-16,2019,4,16,2002
114,april simmons,wendy38@example.org,Employee,2,m,18,2021-01-19,2021,1,19,1358
115,debra holland,thomas60@example.org,Employee,2,f,20,2021-05-15,2021,5,15,1242
116,nicole garcia,cathy19@example.net,Employee,2,m,3,2020-05-18,2020,5,18,1604
117,ashlee lopez,burnsashley@example.org,Employee,2,f,8,2017-05-30,2017,5,30,2688
118,jose morgan,rhumphrey@example.net,Employee,2,m,13,2020-03-22,2020,3,22,1661
119,timothy yoder,omiller@example.com,Employee,2,m,5,2023-04-01,2023,4,1,556
120,kenneth mcmahon,michael31@example.org,Employee,2,m,11,2021-08-30,2021,8,30,1135
121,rebecca davis,angelaguzman@example.net,Employee,2,m,10,2021-01-11,2021,1,11,1366
122,joseph burns,tcarlson@example.net,Employee,2,m,7,2019-12-14,2019,12,14,1760
123,shawn ortiz,amberhall@example.com,Employee,2,f,7,2020-03-15,2020,3,15,1668
124,corey webb,rosemaria@example.org,Employee,2,f,10,2023-12-05,2023,12,5,308
125,jon holmes,bryanwilliams@example.org,Employee,2,f,20,2018-02-27,2018,2,27,2415
126,amanda klein,sandraruiz@example.org,Employee,2,f,0,2021-11-24,2021,11,24,1049
127,crystal levine,jessica75@example.org,Employee,2,f,19,2017-06-26,2017,6,26,2661
128,melanie lewis,kellismith@example.org,Employee,2,f,14,2018-04-14,2018,4,14,2369
129,joshua gonzales,acastro@example.com,Employee,2,m,19,2021-03-14,2021,3,14,1304
130,maria smith,mchoi@example.com,Employee,2,f,15,2024-03-04,2024,3,4,218
131,kevin murray,sean61@example.net,Employee,2,m,17,2022-04-05,2022,4,5,917
132,cameron burnett,sharrell@example.org,Employee,2,m,10,2022-12-01,2022,12,1,677
133,tiffany soto,nicoleanderson@example.org,Employee,2,m,16,2023-10-18,2023,10,18,356
134,kristy cameron,eileen01@example.net,Employee,2,m,17,2019-12-13,2019,12,13,1761
135,rhonda roberts,leelarry@example.com,Employee,2,f,16,2023-08-26,2023,8,26,409
136,nicolas castillo,lgardner@example.net,Employee,2,m,1,2018-10-21,2018,10,21,2179
137,jesse rios,tonya34@example.org,Employee,2,f,4,2020-04-04,2020,4,4,1648
138,logan bennett,amandahall@example.com,Employee,2,m,15,2022-03-20,2022,3,20,933
139,betty lee,alyssa88@example.org,Employee,2,m,8,2018-01-05,2018,1,5,2468
140,caitlin hernandez,melissawheeler@example.com,Employee,2,f,13,2022-10-30,2022,10,30,709
141,mark craig,scottmary@example.net,Employee,2,m,20,2024-09-26,2024,9,26,12
142,mark roberts,lawsonbrian@example.com,Employee,2,f,14,2017-09-19,2017,9,19,2576
143,beverly williams,stevelawrence@example.org,Employee,2,m,9,2016-11-08,2016,11,8,2891
144,samantha smith,lori79@example.com,Employee,2,m,8,2022-11-09,2022,11,9,699
145,rebecca miles,margaret54@example.net,Employee,2,m,3,2021-08-12,2021,8,12,1153
146,jacqueline santos,larryking@example.com,Employee,2,m,16,2017-06-05,2017,6,5,2682
147,amy beltran,joseph14@example.net,Employee,2,f,10,2018-09-06,2018,9,6,2224
148,michael ward,gellis@example.com,Employee,2,m,20,2019-09-18,2019,9,18,1847
149,laurie fernandez,james38@example.org,Employee,2,m,8,2017-04-24,2017,4,24,2724
150,curtis gonzalez,ebell@example.org,Employee,2,m,16,2023-11-09,2023,11,9,334
151,melanie weaver,paula93@example.org,Employee,2,m,15,2019-01-16,2019,1,16,2092
152,alan edwards,sharonhernandez@example.com,Employee,2,f,0,2023-03-09,2023,3,9,579
153,gilbert dean,vickiesanchez@example.org,Employee,2,f,7,2022-12-19,2022,12,19,659
154,william west,kennedydaniel@example.net,Employee,2,f,3,2023-01-19,2023,1,19,628
155,alex jensen phd,sarah42@example.com,Employee,2,f,4,2021-09-06,2021,9,6,1128
156,bobby brown,ucantrell@example.org,Employee,2,f,6,2020-04-05,2020,4,5,1647
157,linda brown,thomasmichelle@example.net,Employee,2,f,6,2022-08-08,2022,8,8,792
158,john wilson,baileyjacob@example.net,Employee,2,m,14,2022-01-14,2022,1,14,998
159,jennifer parker,ijohnson@example.net,Employee,2,f,12,2023-05-01,2023,5,1,526
160,justin richards,kristendennis@example.com,Employee,2,f,8,2017-06-22,2017,6,22,2665
161,kaitlin smith,william23@example.org,Employee,2,m,9,2023-09-05,2023,9,5,399
162,richard yang,john37@example.net,Employee,2,f,2,2020-06-07,2020,6,7,1584
163,james sullivan,devin37@example.net,Employee,2,m,12,2020-03-26,2020,3,26,1657
164,katelyn ellis,ophillips@example.net,Employee,2,f,20,2020-10-29,2020,10,29,1440
165,ronald jordan,reevesalexander@example.net,Employee,2,f,17,2018-07-12,2018,7,12,2280
166,matthew joyce,hmiller@example.org,Employee,2,f,2,2023-12-08,2023,12,8,305
167,kevin murillo dvm,douglasthompson@example.com,Employee,2,f,6,2017-02-12,2017,2,12,2795
168,edward crawford,theresa68@example.org,Employee,2,m,15,2018-02-25,2018,2,25,2417
169,brooke davidson,garrettkevin@example.net,Employee,2,m,8,2023-09-29,2023,9,29,375
170,donald burton,wmays@example.com,Employee,2,f,14,2024-09-08,2024,9,8,30
171,sydney flynn,fullercassandra@example.com,Employee,3,m,13,2022-08-20,2022,8,20,780
172,robert jackson,jcook@example.org,Employee,3,f,2,2019-02-16,2019,2,16,2061
173,kyle washington,davidzimmerman@example.org,Employee,3,m,15,2017-12-05,2017,12,5,2499
174,scott green,hammondmary@example.com,Employee,3,m,14,2021-09-16,2021,9,16,1118
175,julie deleon,ealexander@example.org,Employee,3,f,0,2024-07-16,2024,7,16,84
176,michelle mcdaniel,cflores@example.com,Employee,3,f,16,2023-06-17,2023,6,17,479
177,michelle hicks,jjohnson@example.com,Employee,3,f,16,2022-08-23,2022,8,23,777
178,corey page,wongjudy@example.org,Employee,3,m,14,2019-12-15,2019,12,15,1759
179,jennifer patrick,jeff25@example.com,Employee,3,f,16,2020-10-26,2020,10,26,1443
180,robert haas,kwashington@example.org,Employee,3,f,3,2023-04-24,2023,4,24,533
181,danielle moore,cartermichael@example.org,Employee,3,m,1,2022-07-31,2022,7,31,800
182,william davis,vaughanpamela@example.net,Employee,3,f,8,2023-07-09,2023,7,9,457
183,glen gay,sandersamber@example.com,Employee,3,f,2,2023-03-04,2023,3,4,584
184,peter bolton,john70@example.net,Employee,3,f,19,2017-09-09,2017,9,9,2586
185,daniel pineda,keith48@example.com,Employee,3,m,13,2023-06-13,2023,6,13,483
186,james lyons,brennanwilliam@example.com,Employee,3,m,11,2023-02-04,2023,2,4,612
187,jennifer garcia,davissandra@example.net,Employee,3,f,9,2021-03-14,2021,3,14,1304
188,katherine morales,amandapowers@example.com,Employee,3,m,7,2016-12-03,2016,12,3,2866
189,heather charles,qwright@example.org,Employee,3,m,4,2024-08-04,2024,8,4,65
190,jessica dunn,mooreclaudia@example.org,Employee,3,f,19,2019-10-10,2019,10,10,1825
191,jeffery fletcher,davidweaver@example.net,Employee,3,m,17,2017-12-10,2017,12,10,2494
192,dr. victoria martinez,javierfuller@example.org,Employee,3,f,10,2022-10-23,2022,10,23,716
193,natalie rowland,jwilliams@example.net,Employee,3,f,10,2018-06-09,2018,6,9,2313
194,shelly hill,jamesdunlap@example.com,Employee,3,f,8,2024-09-15,2024,9,15,23
195,mark allen,lauren73@example.com,Employee,3,m,19,2020-06-26,2020,6,26,1565
196,mary wang,johnsonlori@example.com,Employee,3,m,1,2018-08-30,2018,8,30,2231
197,mark bowman,richardsonlarry@example.com,Employee,3,m,14,2017-06-01,2017,6,1,2686
198,melissa floyd,hardincharles@example.com,Employee,3,f,14,2023-08-24,2023,8,24,411
199,barbara calderon,tbowman@example.com,Employee,3,m,20,2017-01-04,2017,1,4,2834
200,jennifer oliver,garciasean@example.net,Employee,3,f,11,2021-01-05,2021,1,5,1372
201,timothy wheeler,stephenmathews@example.org,Employee,3,m,1,2020-12-11,2020,12,11,1397
202,sonya brown,amygarcia@example.net,Employee,3,m,9,2023-02-12,2023,2,12,604
203,megan smith,sallyperez@example.net,Employee,3,m,9,2022-08-11,2022,8,11,789
204,derrick martinez,erin14@example.org,Employee,3,m,6,2024-07-06,2024,7,6,94
205,richard schultz,hillstacy@example.com,Employee,3,f,17,2021-11-28,2021,11,28,1045
206,elizabeth barrett,jasmine58@example.org,Employee,3,m,19,2017-09-19,2017,9,19,2576
207,patricia beasley,teresa68@example.net,Employee,3,f,6,2018-02-17,2018,2,17,2425
208,dwayne hatfield,rwood@example.org,Employee,3,m,11,2021-06-26,2021,6,26,1200
209,teresa martinez,barbaramiller@example.net,Employee,3,f,0,2019-02-08,2019,2,8,2069
210,shannon black,diane66@example.org,Employee,3,m,16,2024-08-21,2024,8,21,48
211,jason parker,iford@example.net,Employee,3,f,13,2018-11-02,2018,11,2,2167
212,john patterson,sarahjacobson@example.org,Employee,3,f,16,2023-04-17,2023,4,17,540
213,alicia west,steven83@example.net,Employee,3,f,10,2023-02-03,2023,2,3,613
214,luis scott,nancy98@example.net,Employee,3,m,0,2023-06-28,2023,6,28,468
215,nicholas osborne,aaron45@example.net,Employee,3,m,19,2022-12-18,2022,12,18,660
216,dr. bethany henderson,melissa85@example.com,Employee,4,m,13,2018-06-27,2018,6,27,2295
217,heather holloway,newmanjesse@example.org,Employee,4,f,12,2022-08-14,2022,8,14,786
218,donald taylor,meghan86@example.com,Employee,4,m,17,2023-10-15,2023,10,15,359
219,maria caldwell,jasonbarnett@example.com,Employee,4,m,11,2021-11-24,2021,11,24,1049
220,shelby myers,landersen@example.com,Employee,4,m,14,2018-09-25,2018,9,25,2205
221,jeffrey marquez,timbrennan@example.com,Employee,4,m,19,2021-11-30,2021,11,30,1043
222,dylan aguirre,stevensrebecca@example.org,Employee,4,m,5,2019-12-22,2019,12,22,1752
223,joshua cantrell,matthew29@example.com,Employee,4,m,18,2017-05-17,2017,5,17,2701
224,brian collins,zkeller@example.net,Employee,4,m,2,2017-07-08,2017,7,8,2649
225,jenny cooper,ashlee28@example.net,Employee,4,f,15,2022-08-11,2022,8,11,789
226,casey mullins,emadden@example.org,Employee,4,m,17,2021-11-01,2021,11,1,1072
227,stephen holland,bushbrandon@example.net,Employee,4,m,9,2024-07-27,2024,7,27,73
228,ashley atkinson,tpham@example.net,Employee,4,f,15,2017-06-23,2017,6,23,2664
229,matthew gutierrez,clinetimothy@example.com,Employee,4,f,11,2020-09-09,2020,9,9,1490
230,amber avila,brittany28@example.net,Employee,4,m,3,2022-11-05,2022,11,5,703
231,patricia woodard,thomasjason@example.org,Employee,4,m,8,2016-10-16,2016,10,16,2914
232,richard cruz,myerserin@example.org,Employee,4,f,11,2017-06-01,2017,6,1,2686
233,amanda morris,matthew56@example.org,Employee,4,f,0,2021-12-22,2021,12,22,1021
234,brenda richards,bryanward@example.org,Employee,4,f,11,2020-02-06,2020,2,6,1706
235,matthew crawford,robert50@example.org,Employee,4,m,13,2022-01-15,2022,1,15,997
236,mrs. brenda brock,ryandarlene@example.net,Employee,4,f,15,2017-01-09,2017,1,9,2829
237,suzanne martinez,zacharylane@example.net,Employee,4,m,12,2020-08-14,2020,8,14,1516
238,ronald gonzalez,mmorrison@example.net,Employee,4,m,18,2021-12-23,2021,12,23,1020
239,richard parker,patrick49@example.org,Employee,4,f,12,2022-04-01,2022,4,1,921
240,robin harvey,julie86@example.com,Employee,4,m,7,2020-03-31,2020,3,31,1652
241,kevin hernandez,vwalker@example.net,Employee,4,m,9,2018-05-22,2018,5,22,2331
242,laura gregory,david72@example.net,Employee,4,m,9,2019-04-09,2019,4,9,2009
243,mr. jason andrews,jason35@example.org,Employee,4,m,11,2020-07-22,2020,7,22,1539
244,rhonda mccall,xshort@example.com,Employee,4,f,13,2022-04-18,2022,4,18,904
245,melissa mitchell,sjones@example.com,Employee,4,f,6,2017-11-30,2017,11,30,2504
246,raymond white,lawsonmarcus@example.net,Employee,4,m,12,2020-03-23,2020,3,23,1660
247,melissa kim,bramirez@example.org,Employee,4,m,4,2022-09-17,2022,9,17,752
248,maria ballard,wangdavid@example.com,Employee,4,f,2,2023-03-04,2023,3,4,584
249,scott gibson,iwilson@example.org,Employee,4,m,9,2021-02-23,2021,2,23,1323
250,holly dodson,roseroger@example.net,Employee,4,f,4,2024-06-17,2024,6,17,113
251,jeffrey pope,nicholas50@example.com,Employee,4,f,1,2017-09-26,2017,9,26,2569
252,william herrera,freemanlinda@example.org,Employee,4,f,20,2020-11-15,2020,11,15,1423
253,melinda parker dds,timothy63@example.com,Employee,4,m,14,2024-02-04,2024,2,4,247
254,kathleen morgan,baileydavid@example.net,Employee,4,m,15,2019-10-24,2019,10,24,1811
255,douglas friedman,sheenadavidson@example.net,Employee,4,m,7,2021-09-23,2021,9,23,1111
256,sarah parker,richard83@example.org,Employee,5,f,11,2021-03-14,2021,3,14,1304
257,heidi gonzalez,carterjoseph@example.org,Employee,5,m,5,2016-11-24,2016,11,24,2875
258,joseph baker,michaelashley@example.net,Employee,5,m,19,2022-07-31,2022,7,31,800
259,jonathan walsh,qwood@example.org,Employee,5,m,12,2023-05-12,2023,5,12,515
260,mr. jason robinson,victoria61@example.com,Employee,5,m,3,2019-05-21,2019,5,21,1967
261,caroline woodard,nicoleyoung@example.org,Employee,5,m,16,2017-08-29,2017,8,29,2597
262,charles williams,gonzalesmanuel@example.com,Employee,5,m,12,2022-10-21,2022,10,21,718
263,dale cameron,miranda65@example.com,Employee,5,m,3,2023-06-28,2023,6,28,468
264,carolyn summers,charlesheath@example.net,Employee,5,f,15,2024-09-30,2024,9,30,8
265,ricardo gonzalez,tthomas@example.com,Employee,5,m,10,2023-12-15,2023,12,15,298
266,charles brown,wjohnson@example.net,Employee,5,f,14,2017-03-08,2017,3,8,2771
267,lynn jones,wesley58@example.org,Employee,5,m,11,2024-02-04,2024,2,4,247
268,lisa andrade,sean19@example.com,Employee,5,f,11,2023-05-19,2023,5,19,508
269,katherine mitchell,michaelbarron@example.com,Employee,5,m,1,2019-10-31,2019,10,31,1804
270,olivia phillips,wmartin@example.com,Employee,5,f,13,2019-09-11,2019,9,11,1854
271,connie ruiz,apollard@example.org,Employee,5,m,0,2022-07-22,2022,7,22,809
272,christopher morales,moorediane@example.org,Employee,5,m,11,2017-10-12,2017,10,12,2553
273,patricia ross,iwillis@example.com,Employee,5,m,7,2021-05-22,2021,5,22,1235
274,melanie atkins,zbarker@example.org,Employee,5,f,12,2024-03-03,2024,3,3,219
275,kenneth miller,blackcindy@example.org,Employee,5,m,9,2018-02-14,2018,2,14,2428
276,matthew perez jr.,deborah06@example.net,Employee,5,f,19,2020-04-13,2020,4,13,1639
277,jonathan ryan,jerome82@example.com,Employee,5,f,0,2017-03-03,2017,3,3,2776
278,tracy camacho,vpratt@example.com,Employee,5,f,0,2024-03-26,2024,3,26,196
279,jason bush,johnstonnicole@example.com,Employee,5,f,15,2017-03-27,2017,3,27,2752
280,jamie klein,bryanmooney@example.com,Employee,5,f,8,2017-08-17,2017,8,17,2609
281,robert powers,wmorales@example.org,Employee,5,f,3,2019-08-24,2019,8,24,1872
282,meghan johnson,jasondennis@example.org,Employee,5,m,7,2023-10-26,2023,10,26,348
283,alan wyatt,robertmiller@example.com,Employee,5,f,20,2019-08-01,2019,8,1,1895
284,gary hale,marc56@example.net,Employee,5,m,11,2016-11-26,2016,11,26,2873
285,daniel avila,martinezmichael@example.com,Employee,5,m,1,2023-05-07,2023,5,7,520
286,amy brooks,gregoryhoffman@example.com,Employee,6,m,0,2017-08-03,2017,8,3,2623
287,craig bailey,tyler06@example.org,Employee,6,m,6,2024-01-18,2024,1,18,264
288,miranda johnson,davenportchristine@example.net,Employee,6,m,0,2021-12-13,2021,12,13,1030
289,nathan duncan,kathleenmay@example.net,Employee,6,f,3,2019-12-08,2019,12,8,1766
290,zachary reyes,xhuang@example.net,Employee,6,f,1,2020-07-27,2020,7,27,1534
291,erik christensen,murraythomas@example.com,Employee,6,m,11,2023-02-04,2023,2,4,612
292,craig lopez,bweber@example.org,Employee,6,f,14,2024-05-07,2024,5,7,154
293,dr. joann hoffman,cynthiafrancis@example.org,Employee,6,f,11,2021-02-05,2021,2,5,1341
294,judy martin,jcontreras@example.net,Employee,6,m,3,2021-02-18,2021,2,18,1328
295,jennifer harper,jonathongreene@example.org,Employee,6,f,4,2023-01-14,2023,1,14,633
296,larry cardenas,zmorris@example.net,Employee,6,m,11,2019-11-19,2019,11,19,1785
297,erika jones,lpayne@example.org,Employee,6,m,11,2021-11-30,2021,11,30,1043
298,tyler jenkins,alexander74@example.org,Employee,6,m,0,2019-09-05,2019,9,5,1860
299,lisa andrade,melissaharris@example.net,Employee,6,f,10,2024-06-22,2024,6,22,108
300,sarah richards,kendrachandler@example.com,Employee,6,m,20,2018-05-12,2018,5,12,2341
301,jonathan rios,rhondamartinez@example.com,Employee,7,f,9,2019-04-18,2019,4,18,2000
302,troy strickland,scottclarke@example.com,Employee,7,m,1,2022-09-24,2022,9,24,745
303,adam martin,jenkinslaura@example.org,Employee,7,m,16,2017-11-12,2017,11,12,2522
304,steven hill,kherrera@example.net,Employee,7,m,0,2022-12-30,2022,12,30,648
305,katherine porter,jefferymendoza@example.net,Employee,7,f,3,2017-01-09,2017,1,9,2829
306,alex romero,blackjared@example.net,Employee,7,f,7,2023-05-18,2023,5,18,509
307,renee jensen,bmadden@example.com,Employee,7,m,10,2022-12-23,2022,12,23,655
308,martin middleton,jeffery62@example.org,Employee,7,m,6,2020-01-17,2020,1,17,1726
309,eric villegas,gryan@example.org,Employee,7,m,17,2019-02-03,2019,2,3,2074
310,anne costa,perryleonard@example.com,Employee,7,m,8,2020-04-01,2020,4,1,1651
311,manuel wise,xchristian@example.org,Employee,7,f,15,2021-08-21,2021,8,21,1144
312,denise jackson,vramirez@example.org,Employee,7,f,17,2018-01-06,2018,1,6,2467
313,daniel williams,amy12@example.org,Employee,7,m,20,2017-07-29,2017,7,29,2628
314,jeremy cole,adunlap@example.net,Employee,7,f,13,2020-02-09,2020,2,9,1703
315,lisa sullivan,andreaneal@example.com,Employee,7,f,17,2018-10-16,2018,10,16,2184
316,anna rosales,michaelbaker@example.org,Employee,7,m,12,2020-03-06,2020,3,6,1677
317,gregory schroeder,jacob76@example.org,Employee,7,f,10,2022-07-11,2022,7,11,820
318,mary simpson,wilsonjoshua@example.net,Employee,7,f,12,2020-02-28,2020,2,28,1684
319,janice park,katherine02@example.net,Employee,7,f,19,2018-03-06,2018,3,6,2408
320,dale morgan,jean81@example.net,Employee,7,f,18,2023-12-10,2023,12,10,303
321,brent crawford,grosario@example.net,Employee,7,m,9,2018-08-20,2018,8,20,2241
322,stacey little,vharrell@example.com,Employee,7,f,18,2021-07-28,2021,7,28,1168
323,jesus perkins,stevensharp@example.com,Employee,7,m,4,2022-04-16,2022,4,16,906
324,courtney moore,heatherwoods@example.net,Employee,7,f,6,2019-02-12,2019,2,12,2065
325,david smith,robertskelly@example.net,Employee,7,m,11,2021-03-06,2021,3,6,1312
326,christian snyder,susan35@example.org,Employee,7,m,5,2018-12-03,2018,12,3,2136
327,erin simpson,greenlawrence@example.org,Employee,7,m,4,2016-10-23,2016,10,23,2907
328,shane turner,james40@example.org,Employee,7,m,18,2017-10-14,2017,10,14,2551
329,rebecca burton,steven50@example.org,Employee,7,f,14,2021-07-03,2021,7,3,1193
330,jason gibson,shawn18@example.net,Employee,7,m,2,2018-07-12,2018,7,12,2280
331,nathaniel pitts,cathy34@example.org,Employee,7,m,8,2024-02-20,2024,2,20,231
332,mark smith,icarroll@example.org,Employee,7,f,8,2024-01-24,2024,1,24,258
333,rhonda lambert,omanning@example.com,Employee,7,m,6,2021-11-04,2021,11,4,1069
334,colin spencer,guzmandavid@example.net,Employee,7,m,6,2017-07-24,2017,7,24,2633
335,john berg,frank33@example.org,Employee,7,m,17,2019-02-08,2019,2,8,2069
336,mrs. cassandra raymond,xdavis@example.net,Employee,7,f,19,2021-06-13,2021,6,13,1213
337,james garcia,vickinavarro@example.com,Employee,7,m,15,2022-04-04,2022,4,4,918
338,jamie schneider,carriepace@example.com,Employee,7,f,13,2022-05-02,2022,5,2,890
339,bryan sawyer,danfletcher@example.net,Employee,7,m,9,2022-03-18,2022,3,18,935
340,joseph mccann,blackburnkevin@example.org,Employee,7,m,7,2022-08-01,2022,8,1,799
341,lindsay smith,paulmartin@example.net,Employee,7,m,2,2021-12-01,2021,12,1,1042
342,michelle gonzales,moniquechristensen@example.net,Employee,7,f,3,2022-06-13,2022,6,13,848
343,aaron patel,matthewmiller@example.net,Employee,7,f,9,2017-02-07,2017,2,7,2800
344,gregory wilson,evanskristy@example.net,Employee,7,f,13,2024-07-15,2024,7,15,85
345,mrs. kathleen liu,kelly76@example.com,Employee,7,f,18,2022-01-22,2022,1,22,990
346,michelle wright,meaganbell@example.org,Employee,7,f,15,2019-12-28,2019,12,28,1746
347,john casey,wyattmartin@example.org,Employee,7,f,9,2023-08-02,2023,8,2,433
348,kenneth delgado dds,perkinskimberly@example.org,Employee,7,f,3,2023-04-13,2023,4,13,544
349,kaitlyn trujillo,gparker@example.com,Employee,7,f,3,2018-06-04,2018,6,4,2318
350,emily howard,matthewgraham@example.org,Employee,7,f,16,2018-07-09,2018,7,9,2283
351,cheryl johnson,wbeck@example.com,Employee,7,m,12,2017-02-24,2017,2,24,2783
352,cody buck,stonemark@example.com,Employee,7,f,19,2023-12-05,2023,12,5,308
353,christopher barton,richardsonadam@example.net,Employee,7,m,19,2017-02-26,2017,2,26,2781
354,denise morris,schaeferalexandra@example.com,Employee,7,m,3,2017-07-29,2017,7,29,2628
355,tara johnson,thompsondonna@example.org,Employee,7,f,14,2022-06-08,2022,6,8,853
356,richard martin,coreyedwards@example.net,Employee,8,m,9,2017-06-30,2017,6,30,2657
357,cory vaughn,conleyjeremy@example.org,Employee,8,f,17,2022-11-04,2022,11,4,704
358,travis smith,monicasanchez@example.com,Employee,8,m,1,2017-02-28,2017,2,28,2779
359,daniel elliott,antoniocampbell@example.com,Employee,8,m,16,2018-05-12,2018,5,12,2341
360,mindy raymond,dean91@example.net,Employee,8,m,1,2020-12-02,2020,12,2,1406
361,cynthia shaffer,hperkins@example.com,Employee,8,f,6,2022-11-20,2022,11,20,688
362,blake shelton,clarketroy@example.net,Employee,8,m,14,2022-06-11,2022,6,11,850
363,jenna rodriguez,webertanya@example.org,Employee,8,f,19,2021-09-11,2021,9,11,1123
364,sheila christian,morgan14@example.com,Employee,8,m,8,2019-10-16,2019,10,16,1819
365,sabrina hunt,marklopez@example.com,Employee,8,m,19,2017-03-11,2017,3,11,2768
366,eric rodriguez,walkerdavid@example.net,Employee,8,m,9,2017-02-22,2017,2,22,2785
367,james ortiz,mbailey@example.com,Employee,8,m,7,2022-08-20,2022,8,20,780
368,alexander murphy,ayalapaul@example.org,Employee,8,m,7,2022-03-24,2022,3,24,929
369,william davis,sarahjames@example.net,Employee,8,f,8,2023-12-20,2023,12,20,293
370,amber sanders,teresaanderson@example.com,Employee,8,m,18,2022-10-14,2022,10,14,725
371,kathy bailey,michael92@example.com,Employee,8,m,0,2021-02-11,2021,2,11,1335
372,jack dickerson,ralph70@example.org,Employee,8,f,7,2019-09-15,2019,9,15,1850
373,beverly harrington,kenneth54@example.org,Employee,8,f,5,2023-05-06,2023,5,6,521
374,evelyn jackson,thomas70@example.org,Employee,8,m,19,2017-08-05,2017,8,5,2621
375,edward page,whitney38@example.net,Employee,8,m,4,2017-11-16,2017,11,16,2518
376,dr. christy wilkinson,ssimpson@example.org,Employee,8,f,20,2024-02-17,2024,2,17,234
377,bobby davila,dawnhill@example.org,Employee,8,f,13,2023-10-30,2023,10,30,344
378,anita wilson,janetwells@example.net,Employee,8,m,11,2022-01-07,2022,1,7,1005
379,erik sanchez,elliottcorey@example.org,Employee,8,m,15,2024-06-22,2024,6,22,108
380,allen patel,colliertiffany@example.com,Employee,8,f,10,2021-08-04,2021,8,4,1161
381,robert cantu,ortizchristopher@example.org,Employee,8,m,15,2021-12-25,2021,12,25,1018
382,russell burton dds,davidoconnor@example.com,Employee,8,m,13,2022-03-25,2022,3,25,928
383,jose dougherty,inorris@example.org,Employee,8,f,7,2020-06-10,2020,6,10,1581
384,edwin williams,millerdaniel@example.net,Employee,8,m,8,2022-11-26,2022,11,26,682
385,kimberly gross,dixonbrianna@example.net,Employee,8,m,8,2023-12-21,2023,12,21,292
386,nathaniel patel,colin83@example.org,Employee,8,f,16,2024-09-28,2024,9,28,10
387,kimberly rice,wrichardson@example.com,Employee,8,f,16,2024-04-16,2024,4,16,175
388,heather martinez,underwoodjason@example.com,Employee,8,m,0,2017-08-21,2017,8,21,2605
389,sarah aguilar,tyler76@example.org,Employee,8,f,15,2024-07-25,2024,7,25,75
390,sarah mcdonald,vincent88@example.com,Employee,8,m,11,2017-12-26,2017,12,26,2478
391,thomas orozco,michaelquinn@example.net,Employee,8,m,13,2022-10-09,2022,10,9,730
392,brent patterson,theodoreedwards@example.org,Employee,8,m,2,2020-05-04,2020,5,4,1618
393,christy nichols,ruth52@example.com,Employee,8,m,14,2020-07-29,2020,7,29,1532
394,jordan meadows,david90@example.com,Employee,8,f,2,2024-01-18,2024,1,18,264
395,katherine lee,ryanchristopher@example.com,Employee,8,m,18,2019-07-08,2019,7,8,1919
396,tina sullivan,benjaminandrews@example.org,Employee,8,m,8,2021-11-02,2021,11,2,1071
397,nicholas russell,ryan04@example.net,Employee,8,f,6,2020-08-06,2020,8,6,1524
398,robert williams,ojones@example.org,Employee,8,f,1,2021-01-29,2021,1,29,1348
399,daniel spencer,brandonscott@example.com,Employee,8,f,18,2019-05-10,2019,5,10,1978
400,kelly jackson,tamarafranklin@example.net,Employee,8,f,6,2020-10-02,2020,10,2,1467
401,mary castillo,beckthomas@example.com,Employee,8,m,12,2021-08-26,2021,8,26,1139
402,zachary cain,campbellnichole@example.com,Employee,8,m,14,2019-07-29,2019,7,29,1898
403,brian marshall,angelica08@example.org,Employee,8,m,8,2017-04-02,2017,4,2,2746
404,brendan richards,rshelton@example.com,Employee,8,f,6,2024-07-11,2024,7,11,89
405,dr. ronald gonzales md,robertwalter@example.org,Employee,8,f,9,2018-11-03,2018,11,3,2166
406,greg taylor,samanthahernandez@example.org,Employee,8,f,6,2024-06-02,2024,6,2,128
407,jill edwards,anthony71@example.com,Employee,8,m,1,2023-11-18,2023,11,18,325
408,isaac johnson,ahart@example.net,Employee,8,m,4,2021-10-15,2021,10,15,1089
409,troy briggs,rachel79@example.net,Employee,8,f,2,2018-09-15,2018,9,15,2215
410,nicholas morrow,tylerrobert@example.com,Employee,8,f,18,2021-05-30,2021,5,30,1227
411,james porter,travisberry@example.com,Employee,8,m,10,2018-08-11,2018,8,11,2250
412,lori ward,lynn78@example.com,Employee,8,f,2,2019-11-08,2019,11,8,1796
413,kevin brown,ashley77@example.org,Employee,8,f,17,2022-08-22,2022,8,22,778
414,edward johnson,yatkins@example.net,Employee,8,m,13,2017-12-10,2017,12,10,2494
415,wayne dorsey,barajasann@example.com,Employee,8,f,18,2018-10-21,2018,10,21,2179
416,erin glenn,christopher46@example.net,Employee,8,f,7,2017-07-14,2017,7,14,2643
417,reginald williams,kaitlin97@example.org,Employee,8,f,20,2023-02-16,2023,2,16,600
418,brenda parks,morenocalvin@example.net,Employee,8,f,3,2019-11-25,2019,11,25,1779
419,tanya wallace,ascott@example.com,Employee,8,f,5,2023-04-19,2023,4,19,538
420,erin hurst,xjohnson@example.org,Employee,8,m,7,2022-12-06,2022,12,6,672
421,vicki cox,youngmichael@example.org,Employee,8,m,7,2017-03-01,2017,3,1,2778
422,meredith butler,anne09@example.net,Employee,8,f,7,2023-11-18,2023,11,18,325
423,christopher anderson,halexander@example.net,Employee,8,f,0,2016-10-24,2016,10,24,2906
424,george martinez,erikamaynard@example.net,Employee,8,f,12,2022-12-05,2022,12,5,673
425,bryce williams,shannongaines@example.org,Employee,8,m,18,2023-10-28,2023,10,28,346
426,stephen dyer,thompsonjames@example.org,Employee,9,f,4,2020-10-07,2020,10,7,1462
427,robert anderson,nicholaskaufman@example.net,Employee,9,f,15,2017-08-13,2017,8,13,2613
428,susan andrews,deborah26@example.net,Employee,9,m,7,2020-03-15,2020,3,15,1668
429,edward jackson,april37@example.com,Employee,9,m,14,2019-07-10,2019,7,10,1917
430,kevin norton,rmoss@example.org,Employee,9,m,14,2017-11-07,2017,11,7,2527
431,christopher foster,aprilburgess@example.org,Employee,9,f,14,2018-06-03,2018,6,3,2319
432,robert morgan,alexa02@example.com,Employee,9,f,0,2020-05-25,2020,5,25,1597
433,james medina,scottjohn@example.com,Employee,9,m,14,2020-03-09,2020,3,9,1674
434,sabrina russell,mjacobson@example.org,Employee,9,m,18,2016-11-08,2016,11,8,2891
435,amber martinez,scottshelton@example.com,Employee,9,f,9,2024-07-27,2024,7,27,73
436,amanda miller,kathrynlivingston@example.com,Employee,9,m,11,2018-05-06,2018,5,6,2347
437,zachary russell,higginspaige@example.org,Employee,9,m,3,2019-10-13,2019,10,13,1822
438,donald murray,aimeerojas@example.org,Employee,9,f,7,2020-06-28,2020,6,28,1563
439,matthew knox,moralesrachel@example.org,Employee,9,m,14,2024-04-10,2024,4,10,181
440,roger owens md,jramirez@example.org,Employee,9,m,20,2020-04-14,2020,4,14,1638
441,edward morse,foxmichael@example.org,Employee,9,m,16,2021-09-13,2021,9,13,1121
442,jennifer villa,anthony63@example.org,Employee,9,f,3,2018-09-19,2018,9,19,2211
443,jose lee,schmidtregina@example.net,Employee,9,f,7,2022-11-20,2022,11,20,688
444,elizabeth peterson,upugh@example.com,Employee,9,f,20,2022-11-24,2022,11,24,684
445,tara patel,christine66@example.net,Employee,9,m,5,2019-04-09,2019,4,9,2009
446,susan ashley,lukebuchanan@example.org,Employee,9,m,17,2018-11-19,2018,11,19,2150
447,kari stuart,jonathanhansen@example.com,Employee,9,m,12,2020-12-21,2020,12,21,1387
448,ronald zamora,tiffany01@example.org,Employee,9,m,18,2017-10-19,2017,10,19,2546
449,sara kline,rromero@example.net,Employee,9,f,12,2021-07-21,2021,7,21,1175
450,sandra cannon,william55@example.net,Employee,9,f,4,2022-08-06,2022,8,6,794
451,jeremy ellis,ashley06@example.net,Employee,9,f,2,2018-07-20,2018,7,20,2272
452,taylor reed,kjones@example.com,Employee,9,m,14,2022-11-05,2022,11,5,703
453,diana thompson,armstrongkimberly@example.net,Employee,9,f,9,2019-07-06,2019,7,6,1921
454,amy ramirez,jacksonrodney@example.com,Employee,9,m,10,2021-12-15,2021,12,15,1028
455,mrs. dana colon,johouston@example.org,Employee,9,f,15,2022-02-02,2022,2,2,979
456,cathy foster,rileyhunter@example.com,Employee,9,m,17,2018-12-13,2018,12,13,2126
457,raymond barnes,uconner@example.net,Employee,9,f,14,2017-01-27,2017,1,27,2811
458,austin bruce,iwagner@example.com,Employee,9,m,3,2017-04-01,2017,4,1,2747
459,kristine anderson,wayne85@example.com,Employee,9,f,12,2018-01-12,2018,1,12,2461
460,ashley cole,amonroe@example.org,Employee,9,f,1,2021-12-07,2021,12,7,1036
461,wendy mathews,vcooper@example.com,Employee,9,m,16,2021-04-07,2021,4,7,1280
462,frank davis,amber30@example.net,Employee,9,f,15,2023-03-07,2023,3,7,581
463,jared gay,ljohnson@example.com,Employee,9,m,7,2020-07-13,2020,7,13,1548
464,elizabeth mcintyre,garzajeffrey@example.org,Employee,9,f,3,2022-04-12,2022,4,12,910
465,kimberly mcdowell,dillonharris@example.org,Employee,9,f,0,2020-01-01,2020,1,1,1742
466,edward mitchell,ologan@example.net,Employee,9,m,20,2017-07-15,2017,7,15,2642
467,ashley smith,rickey72@example.net,Employee,9,m,13,2024-02-11,2024,2,11,240
468,jim kelly,patrickreed@example.org,Employee,9,m,19,2020-03-14,2020,3,14,1669
469,robert thomas,watersjordan@example.net,Employee,9,m,5,2024-06-19,2024,6,19,111
470,lisa hooper,zcross@example.net,Employee,9,f,3,2022-08-28,2022,8,28,772
471,nathan ryan,robert23@example.com,Employee,9,f,19,2022-08-18,2022,8,18,782
472,miss betty massey,perkinsjesse@example.net,Employee,9,f,7,2018-02-27,2018,2,27,2415
473,darrell bruce,susanmcdonald@example.com,Employee,9,m,4,2020-06-21,2020,6,21,1570
474,christopher franklin,katrinawilliams@example.net,Employee,9,f,5,2017-04-03,2017,4,3,2745
475,anne bauer dvm,ptucker@example.org,Employee,9,m,2,2023-08-24,2023,8,24,411
476,jorge parks,thomas17@example.com,Employee,9,m,11,2021-05-24,2021,5,24,1233
477,john williamson,gsullivan@example.net,Employee,9,m,11,2017-08-06,2017,8,6,2620
478,brittany little,mendozagabriel@example.net,Employee,9,m,7,2017-04-26,2017,4,26,2722
479,joshua mathews,davidgonzalez@example.org,Employee,9,f,12,2018-09-09,2018,9,9,2221
480,richard blair,tinapatel@example.com,Employee,9,f,5,2022-04-24,2022,4,24,898
481,james walker,graykristin@example.com,Employee,9,f,6,2019-12-26,2019,12,26,1748
482,cindy rowe,jamessantiago@example.net,Employee,9,f,13,2019-02-15,2019,2,15,2062
483,joseph pierce,perezandrea@example.net,Employee,9,m,6,2021-02-26,2021,2,26,1320
484,jeffrey walker,vvalencia@example.net,Employee,9,m,8,2019-11-19,2019,11,19,1785
485,julia bishop,richardsondavid@example.net,Employee,9,m,4,2017-04-22,2017,4,22,2726
486,laura barron,burkederek@example.com,Employee,10,f,20,2023-08-22,2023,8,22,413
487,jennifer evans,danieledwards@example.net,Employee,10,m,13,2024-03-06,2024,3,6,216
488,karen gallagher,smithpam@example.net,Employee,10,m,1,2017-12-19,2017,12,19,2485
489,dwayne jackson,williamswayne@example.net,Employee,10,f,16,2023-05-11,2023,5,11,516
490,daniel johnson,thomas18@example.net,Employee,10,f,15,2021-12-07,2021,12,7,1036
491,paul bates,hoffmantodd@example.net,Employee,10,m,16,2022-03-20,2022,3,20,933
492,kayla howell,saracherry@example.com,Employee,10,m,8,2018-04-05,2018,4,5,2378
493,ian aguilar,janet86@example.org,Employee,10,f,4,2020-10-13,2020,10,13,1456
494,nicole mcknight,wendy39@example.org,Employee,10,m,8,2024-07-17,2024,7,17,83
495,mary soto,emartin@example.org,Employee,10,f,8,2023-11-20,2023,11,20,323
496,teresa thompson,stephanie52@example.com,Employee,10,f,17,2020-11-09,2020,11,9,1429
497,crystal miller,anthony88@example.com,Employee,10,m,1,2024-05-25,2024,5,25,136
498,larry vargas,twilson@example.com,Employee,10,f,0,2024-02-17,2024,2,17,234
499,gregory wallace,cochranthomas@example.org,Employee,10,f,7,2022-08-01,2022,8,1,799
500,elizabeth heath,garzalori@example.net,Employee,10,m,3,2019-06-30,2019,6,30,1927
